Date,Inventory Type,Site Name,Slot Name,Slot Size,Impressions,Earnings
2023-02-10,Web,practicalfishkeeping.co.uk,21784358039/ATD_PracticalFishKeeping/ATD_300x600_inarticle2,300x600,92,0.07
2023-02-10,Web,outandaboutlive.co.uk,21784358039/ATD_outandaboutlive/ATD_160x600_AXT,160x600,36,0.05
2023-02-10,Web,timeshighereducation.com,21841059662/ATD_timeshighereducation/ATD_970x250_General,970x250,581,1.85
2023-02-10,Web,boxofficeindia.com,1067277/ATD_BoxofficeIndia/ATD_320x50_AXT,320x50,275,0.15
2023-02-10,Web,boxofficeindia.com,1067277/ATD_BoxofficeIndia/ATD_160x600_RHS,160x600,68,0.05
2023-02-10,Web,timeshighereducation.com,21841059662/ATD_timeshighereducation/ATD_160x600_General,160x600,61,0.12
2023-02-10,Web,boxofficeindia.com,1067277/ATD_BoxofficeIndia/ATD_300x250_Mobile_Sectionpage_Top,336x280,45,0.02
2023-02-07,Web,timeshighereducation.com,21841059662/ATD_timeshighereducation/ATD_970x250_General,970x250,519,1.55
2023-02-07,Web,rmweb.co.uk,21784358039/ATD_RMweb/ATD_728x90_INR3_HP_D,728x90,57,0.02
2023-02-07,Web,practicalfishkeeping.co.uk,21784358039/ATD_PracticalFishKeeping/ATD_300x250_INR1_AP,300x250,12,0.01
2023-02-07,Web,practicalfishkeeping.co.uk,21784358039/ATD_PracticalFishKeeping/ATD_300x600_AXT,300x600,123,0.07
2023-02-09,Web,timeshighereducation.com,21841059662/ATD_timeshighereducation/ATD_320x50_General,320x50,"1,083",1.88
2023-02-09,Web,rmweb.co.uk,21784358039/ATD_RMweb/ATD_970x250_SP_INR1_D,970x250,124,0.03
2023-02-09,Web,practicalfishkeeping.co.uk,21784358039/ATD_PracticalFishKeeping/ATD_300x250_INR_4,300x250,22,0.02
2023-02-09,Web,boxofficeindia.com,1067277/ATD_BoxofficeIndia/ATD_300x250_MOBILE,300x250,188,0.10
2023-02-06,Web,timeshighereducation.com,21841059662/ATD_timeshighereducation/ATD_320x50_AXT,320x50,577,1.68
2023-02-06,Web,timeshighereducation.com,21841059662/ATD_timeshighereducation/ATD_160x600_Acad_LHS_ExtM,160x600,488,0.50
2023-02-06,Web,timeshighereducation.com,21841059662/ATD_timeshighereducation/ATD_300x600_AXT,300x600,126,0.54
2023-02-09,Web,timeshighereducation.com,21841059662/ATD_timeshighereducation/ATD_320x50_Intentt,320x50,60,0.36
2023-02-09,Web,practicalfishkeeping.co.uk,21784358039/ATD_PracticalFishKeeping/ATD_970x250_GENERAL,728x90,26,0.01
2023-02-09,Web,outandaboutlive.co.uk,21784358039/ATD_outandaboutlive/ATD_320x100_GENERAL,320x50,73,0.55
2023-02-05,Web,boxofficeindia.com,1067277/ATD_BoxofficeIndia/ATD_300x250_MOBILE,300x250,196,0.22
2023-02-08,Web,rmweb.co.uk,21784358039/ATD_RMweb/ATD_320x50_AXT,320x50,12,0.01
2023-02-08,Web,practicalfishkeeping.co.uk,21784358039/ATD_PracticalFishKeeping/ATD_300x600_AXT,300x600,110,0.08
2023-02-08,Web,practicalfishkeeping.co.uk,21784358039/ATD_PracticalFishKeeping/ATD_300x250_INR_4,300x250,28,0.02
2023-02-08,Web,outandaboutlive.co.uk,21784358039/ATD_outandaboutlive/ATD_970x250_GENERAL,728x90,32,0.05
2023-02-08,Web,timeshighereducation.com,21841059662/ATD_timeshighereducation/ATD_970x250_STUD,970x250,477,1.40
2023-02-08,Web,timeshighereducation.com,21841059662/ATD_timeshighereducation/ATD_300x600_general,300x250,221,0.43
2023-02-06,Web,timeshighereducation.com,21841059662/ATD_timeshighereducation/ATD_970x250_General,970x250,491,2.03
2023-02-06,Web,timeshighereducation.com,21841059662/ATD_timeshighereducation/ATD_970x250_SP_INREAD,970x250,94,0.28
2023-02-09,Web,timeshighereducation.com,21841059662/ATD_timeshighereducation/ATD_300x600_AXT,300x600,153,0.37
2023-02-10,Web,rmweb.co.uk,21784358039/ATD_RMweb/ATD_300x250_Sticky_RHS_AP,300x250,78,0.03
2023-02-10,Web,outandaboutlive.co.uk,21784358039/ATD_outandaboutlive/ATD_970x250_GENERAL,728x90,34,0.47
2023-02-07,Web,boxofficeindia.com,1067277/ATD_BoxofficeIndia/ATD_160x600_LHS,160x600,40,0.05
2023-02-07,Web,outandaboutlive.co.uk,21784358039/ATD_outandaboutlive/ATD_300x250_GENERAL,336x280,196,0.13
2023-02-06,Web,rmweb.co.uk,21784358039/ATD_RMweb/ATD_300x600_AXT,300x600,26,0.01
2023-02-05,Web,timeshighereducation.com,21841059662/ATD_timeshighereducation/ATD_970x250_STUD,970x250,342,1.01
2023-02-06,Web,boxofficeindia.com,1067277/ATD_BoxofficeIndia/ATD_160x600_LHS,160x600,61,0.28
2023-02-06,Web,boxofficeindia.com,1067277/ATD_BoxofficeIndia/ATD_300x250_Mobile_Sectionpage_Top,300x250,67,0.06
2023-02-08,Web,practicalfishkeeping.co.uk,21784358039/ATD_PracticalFishKeeping/ATD_300x250_INR2_AP,300x250,33,0.04
2023-02-08,Web,boxofficeindia.com,1067277/ATD_BoxofficeIndia/ATD_160x600_LHS,160x600,53,0.04
2023-02-08,Web,timeshighereducation.com,21841059662/ATD_timeshighereducation/ATD_728x90_STUD_Top,728x90,149,0.47
2023-02-08,Web,rmweb.co.uk,21784358039/ATD_RMweb/ATD_300x250_Sticky_RHS_HP,300x250,32,0.03
2023-02-05,Web,timeshighereducation.com,21841059662/ATD_timeshighereducation/ATD_728x90_general,728x90,146,0.42
2023-02-05,Web,boxofficeindia.com,1067277/ATD_BoxofficeIndia/ATD_300x250_Mobile_Sectionpage_EOA,300x250,55,0.08
2023-02-06,Web,practicalfishkeeping.co.uk,21784358039/ATD_PracticalFishKeeping/ATD_300x250_INR2_AP,300x250,37,0.03
2023-02-04,Web,practicalfishkeeping.co.uk,21784358039/ATD_PracticalFishKeeping/ATD_300x250_INR2_AP,300x250,32,0.04
2023-02-04,Web,timeshighereducation.com,21841059662/ATD_timeshighereducation/ATD_300x600_AXT,300x600,35,0.13
2023-02-08,Web,rmweb.co.uk,21784358039/ATD_RMweb/ATD_300x50_AXT,300x50,15,0.01
2023-02-05,Web,timeshighereducation.com,21841059662/ATD_timeshighereducation/ATD_300x600_Interscroller_FC1_AP,300x250,1,0.00
2023-02-04,Web,timeshighereducation.com,21841059662/ATD_timeshighereducation/ATD_160x600_General,160x600,31,0.06
2023-02-04,Web,outandaboutlive.co.uk,21784358039/ATD_outandaboutlive/ATD_300x250_AXT,300x250,18,0.02
2023-02-04,Web,practicalfishkeeping.co.uk,21784358039/ATD_PracticalFishKeeping/ATD_300x600_GENERAL,300x600,56,0.06
2023-02-08,Web,practicalfishkeeping.co.uk,21784358039/ATD_PracticalFishKeeping/ATD_300x600_GENERAL,300x600,42,0.04
2023-02-07,Web,practicalfishkeeping.co.uk,21784358039/ATD_PracticalFishKeeping/ATD_300x250_INR2_AP,300x250,30,0.02
2023-02-04,Web,rmweb.co.uk,21784358039/ATD_RMweb/ATD_300x250_AXT,300x250,1,0.00
2023-02-09,Web,rmweb.co.uk,21784358039/ATD_RMweb/ATD_300x250_Sticky_RHS_HP,300x250,23,0.01
2023-02-09,Web,rmweb.co.uk,21784358039/ATD_RMweb/ATD_320x50_AXT,320x50,21,0.02
2023-02-07,Web,timeshighereducation.com,21841059662/ATD_timeshighereducation/ATD_160x600_General,160x600,74,0.18
2023-02-07,Web,practicalfishkeeping.co.uk,21784358039/ATD_PracticalFishKeeping/ATD_336x280_AXT,336x280,3,0.00
2023-02-06,Web,boxofficeindia.com,1067277/ATD_BoxofficeIndia/ATD_320x50_AXT,320x50,121,0.33
2023-02-05,Web,timeshighereducation.com,21841059662/ATD_timeshighereducation/ATD_970x250_AXT,970x250,31,0.07
2023-02-07,Web,timeshighereducation.com,21841059662/ATD_timeshighereducation/ATD_300x600_Interscroller_FC1_AP,300x600,5,0.03
2023-02-09,Web,outandaboutlive.co.uk,21784358039/ATD_outandaboutlive/ATD_320x50_GENERAL,320x50,33,0.25
2023-02-10,Web,boxofficeindia.com,1067277/ATD_BoxofficeIndia/ATD_336x280_AXT,336x280,15,0.01
2023-02-10,Web,timeshighereducation.com,21841059662/ATD_timeshighereducation/ATD_300x600_Interscroller_FC1_AP,320x480,3,0.00
2023-02-10,Web,timeshighereducation.com,21841059662/ATD_timeshighereducation/ATD_300x600_Intentt,300x600,4,0.01
2023-02-10,Web,practicalfishkeeping.co.uk,21784358039/ATD_PracticalFishKeeping/ATD_970x250_AXT,970x250,6,0.00
2023-02-04,Web,outandaboutlive.co.uk,21784358039/ATD_outandaboutlive/ATD_300x600_AXT,300x600,48,0.08
2023-02-05,Web,timeshighereducation.com,21841059662/ATD_timeshighereducation/ATD_728x90_STUD_Top,728x90,89,0.35
2023-02-04,Web,outandaboutlive.co.uk,21784358039/ATD_outandaboutlive/ATD_970x250_AXT,970x250,15,0.02
2023-02-06,Web,timeshighereducation.com,21841059662/ATD_timeshighereducation/ATD_160x600_General,160x600,49,0.11
2023-02-05,Web,outandaboutlive.co.uk,21784358039/ATD_outandaboutlive/ATD_970x250_GENERAL,970x250,124,0.16
2023-02-06,Web,practicalfishkeeping.co.uk,21784358039/ATD_PracticalFishKeeping/ATD_300x250_INR_4,300x250,32,0.02
2023-02-06,Web,outandaboutlive.co.uk,21784358039/ATD_outandaboutlive/ATD_320x50_GENERAL,320x50,28,0.02
2023-02-06,Web,rmweb.co.uk,21784358039/ATD_RMweb/ATD_970x250_AXT,970x250,3,0.00
2023-02-07,Web,outandaboutlive.co.uk,21784358039/ATD_outandaboutlive/ATD_320x50_GENERAL,320x50,30,0.02
2023-02-08,Web,practicalfishkeeping.co.uk,21784358039/ATD_PracticalFishKeeping/ATD_728x90_AXT,728x90,1,0.00
2023-02-05,Web,outandaboutlive.co.uk,21784358039/ATD_outandaboutlive/ATD_970x250_GENERAL,970x90,9,0.01
2023-02-10,Web,rmweb.co.uk,21784358039/ATD_RMweb/ATD_320x50_AXT,320x50,12,0.01
2023-02-07,Web,timeshighereducation.com,21841059662/ATD_timeshighereducation/ATD_728x90_Intentt,728x90,3,0.03
2023-02-04,Web,rmweb.co.uk,21784358039/ATD_RMweb/ATD_300x600_AXT,300x600,14,0.00
2023-02-09,Web,practicalfishkeeping.co.uk,21784358039/ATD_PracticalFishKeeping/ATD_300x250_INR1_AP,300x250,16,0.01
2023-02-07,Web,outandaboutlive.co.uk,21784358039/ATD_outandaboutlive/ATD_320x100_GENERAL,300x50,2,0.00
2023-02-08,Web,boxofficeindia.com,1067277/ATD_BoxofficeIndia/ATD_300x250_Mobile_Sectionpage_Mid,336x280,3,0.00
2023-02-06,Web,practicalfishkeeping.co.uk,21784358039/ATD_PracticalFishKeeping/ATD_300x250_AXT,300x250,19,0.01
2023-02-08,Web,practicalfishkeeping.co.uk,21784358039/ATD_PracticalFishKeeping/ATD_300x250_INR2_SP,300x250,2,0.00
2023-02-04,Web,outandaboutlive.co.uk,21784358039/ATD_outandaboutlive/ATD_970x250_GENERAL,970x90,4,0.00
2023-02-06,Web,practicalfishkeeping.co.uk,21784358039/ATD_PracticalFishKeeping/ATD_MULTISIZE_GENERAL,300x250,3,0.00
2023-02-04,Web,practicalfishkeeping.co.uk,21784358039/ATD_PracticalFishKeeping/ATD_728x90_AXT,728x90,1,0.00
2023-02-06,Web,practicalfishkeeping.co.uk,21784358039/ATD_PracticalFishKeeping/ATD_300x250_INR2_SP,300x250,1,0.00
2023-02-09,Web,practicalfishkeeping.co.uk,21784358039/ATD_PracticalFishKeeping/ATD_MULTISIZE_GENERAL,300x250,2,0.00
2023-02-04,Web,practicalfishkeeping.co.uk,21784358039/ATD_PracticalFishKeeping/ATD_300x250_INR1_SP,300x250,1,0.00
2023-02-05,Web,timeshighereducation.com,21841059662/ATD_timeshighereducation/ATD_300x600_Intentt,300x600,1,0.01
2023-02-05,Web,timeshighereducation.com,21841059662/ATD_timeshighereducation/ATD_300x600_Interscroller_FC1_AP,300x600,3,0.01
2023-02-06,Web,outandaboutlive.co.uk,21784358039/ATD_outandaboutlive/ATD_728x90_AXT,728x90,1,0.00
2023-02-09,Web,practicalfishkeeping.co.uk,21784358039/ATD_PracticalFishKeeping/ATD_300x250_INR2_SP,300x250,1,0.00
2023-02-10,Web,boxofficeindia.com,1067277/ATD_BoxofficeIndia/ATD_336x280_M_Multi,336x280,23,0.01
2023-02-10,Web,outandaboutlive.co.uk,21784358039/ATD_outandaboutlive/ATD_300x250_GENERAL,336x280,128,0.12
2023-02-10,Web,timeshighereducation.com,21841059662/ATD_timeshighereducation/ATD_728x90_AXT,728x90,62,0.14
2023-02-10,Web,timeshighereducation.com,21841059662/ATD_timeshighereducation/ATD_300x250_AXT,300x250,82,0.24
2023-02-10,Web,boxofficeindia.com,1067277/ATD_BoxofficeIndia/ATD_300x250_AXT,300x250,208,0.10
2023-02-10,Web,outandaboutlive.co.uk,21784358039/ATD_outandaboutlive/ATD_300x250_GENERAL,300x250,110,1.15
2023-02-09,Web,timeshighereducation.com,21841059662/ATD_timeshighereducation/ATD_970x250_SP_INREAD,728x90,117,0.48
2023-02-09,Web,boxofficeindia.com,1067277/ATD_BoxofficeIndia/ATD_300x250_Mobile_Sectionpage_EOA,300x250,50,0.03
2023-02-07,Web,timeshighereducation.com,21841059662/ATD_timeshighereducation/ATD_160x600_AXT,160x600,704,0.77
2023-02-07,Web,timeshighereducation.com,21841059662/ATD_timeshighereducation/ATD_300x600_general,300x600,484,1.21
2023-02-06,Web,timeshighereducation.com,21841059662/ATD_timeshighereducation/ATD_160x600_AXT,160x600,829,1.03
2023-02-06,Web,outandaboutlive.co.uk,21784358039/ATD_outandaboutlive/ATD_970x250_GENERAL,970x250,199,0.18
2023-02-06,Web,rmweb.co.uk,21784358039/ATD_RMweb/ATD_300x250_INR1_HP_M,300x250,109,0.05
2023-02-05,Web,timeshighereducation.com,21841059662/ATD_timeshighereducation/ATD_320x50_General,320x50,783,2.20
2023-02-05,Web,rmweb.co.uk,21784358039/ATD_RMweb/ATD_300x250_320x50_Sidebar_HP_D,300x250,35,0.05
2023-02-09,Web,boxofficeindia.com,1067277/ATD_BoxofficeIndia/ATD_320x50_AXT,320x50,264,0.16
2023-02-08,Web,boxofficeindia.com,1067277/ATD_BoxofficeIndia/ATD_336x280_M_Multi,300x250,31,0.02
2023-02-08,Web,practicalfishkeeping.co.uk,21784358039/ATD_PracticalFishKeeping/ATD_300x250_AXT,300x250,13,0.06
2023-02-08,Web,boxofficeindia.com,1067277/ATD_BoxofficeIndia/ATD_160x600_AXT,160x600,134,0.15
2023-02-08,Web,outandaboutlive.co.uk,21784358039/ATD_outandaboutlive/ATD_300x250_GENERAL,300x250,134,0.77
2023-02-08,Web,outandaboutlive.co.uk,21784358039/ATD_outandaboutlive/ATD_320x100_GENERAL,300x50,21,0.47
2023-02-06,Web,timeshighereducation.com,21841059662/ATD_timeshighereducation/ATD_320x50_LHS_FWA_STUD,320x50,57,0.08
2023-02-08,Web,practicalfishkeeping.co.uk,21784358039/ATD_PracticalFishKeeping/ATD_300x250_INR1_AP,300x600,23,0.03
2023-02-08,Web,boxofficeindia.com,1067277/ATD_BoxofficeIndia/ATD_300x250_Mobile_Sectionpage_Mid,300x250,27,0.02
2023-02-09,Web,boxofficeindia.com,1067277/ATD_BoxofficeIndia/ATD_300x250_Mobile_Sectionpage_Top,336x280,40,0.02
2023-02-06,Web,timeshighereducation.com,21841059662/ATD_timeshighereducation/ATD_970x250_AXT,970x250,48,0.19
2023-02-06,Web,timeshighereducation.com,21841059662/ATD_timeshighereducation/ATD_728x90_STUD_Top,728x90,136,0.48
2023-02-05,Web,timeshighereducation.com,21841059662/ATD_timeshighereducation/ATD_160x600_Acad_LHS_ExtM,160x600,364,0.43
2023-02-08,Web,boxofficeindia.com,1067277/ATD_BoxofficeIndia/ATD_336x280_AXT,336x280,12,0.01
2023-02-06,Web,rmweb.co.uk,21784358039/ATD_RMweb/ATD_300x50_AXT,300x50,47,0.01
2023-02-08,Web,rmweb.co.uk,21784358039/ATD_RMweb/ATD_970x250_SP_INR1_D,970x250,142,0.08
2023-02-05,Web,timeshighereducation.com,21841059662/ATD_timeshighereducation/ATD_300x250_General,300x250,496,1.16
2023-02-09,Web,boxofficeindia.com,1067277/ATD_BoxofficeIndia/ATD_300x250_Mobile_Sectionpage_INR2,300x250,95,0.05
2023-02-09,Web,outandaboutlive.co.uk,21784358039/ATD_outandaboutlive/ATD_320x50_AXT,320x50,35,0.19
2023-02-04,Web,timeshighereducation.com,21841059662/ATD_timeshighereducation/ATD_160x600_Stud_LHS_ExtM,160x600,88,0.13
2023-02-04,Web,boxofficeindia.com,1067277/ATD_BoxofficeIndia/ATD_160x600_AXT,160x600,73,0.10
2023-02-04,Web,boxofficeindia.com,1067277/ATD_BoxofficeIndia/ATD_728x90_AXT,728x90,21,0.03
2023-02-04,Web,practicalfishkeeping.co.uk,21784358039/ATD_PracticalFishKeeping/ATD_970x250_GENERAL,728x90,20,0.04
2023-02-05,Web,practicalfishkeeping.co.uk,21784358039/ATD_PracticalFishKeeping/ATD_300x250_INR1_AP,300x250,8,0.00
2023-02-07,Web,timeshighereducation.com,21841059662/ATD_timeshighereducation/ATD_320x50_Intentt,320x50,67,0.51
2023-02-08,Web,outandaboutlive.co.uk,21784358039/ATD_outandaboutlive/ATD_336x280_AXT,336x280,8,0.01
2023-02-04,Web,rmweb.co.uk,21784358039/ATD_RMweb/ATD_728x90_INR3_HP_D,728x90,47,0.05
2023-02-04,Web,timeshighereducation.com,21841059662/ATD_timeshighereducation/ATD_320x50_Intentt,320x50,84,0.67
2023-02-09,Web,boxofficeindia.com,1067277/ATD_BoxofficeIndia/ATD_300x250_Mobile_Sectionpage_EOA,336x280,13,0.00
2023-02-07,Web,boxofficeindia.com,1067277/ATD_BoxofficeIndia/ATD_336x280_M_Multi,300x250,34,0.03
2023-02-07,Web,boxofficeindia.com,1067277/ATD_BoxofficeIndia/ATD_320x50_AXT,320x50,120,0.11
2023-02-06,Web,rmweb.co.uk,21784358039/ATD_RMweb/ATD_728x90_INR3_HP_D,728x90,50,0.02
2023-02-05,Web,practicalfishkeeping.co.uk,21784358039/ATD_PracticalFishKeeping/ATD_300x250_INR1_AP,300x600,42,0.04
2023-02-05,Web,boxofficeindia.com,1067277/ATD_BoxofficeIndia/ATD_160x600_AXT,160x600,199,0.14
2023-02-05,Web,rmweb.co.uk,21784358039/ATD_RMweb/ATD_728x90_INR1_SP_D,728x90,62,0.05
2023-02-05,Web,outandaboutlive.co.uk,21784358039/ATD_outandaboutlive/ATD_160x600_AXT,160x600,62,0.06
2023-02-08,Web,outandaboutlive.co.uk,21784358039/ATD_outandaboutlive/ATD_320x50_GENERAL,300x50,20,0.34
2023-02-08,Web,outandaboutlive.co.uk,21784358039/ATD_outandaboutlive/ATD_160x600_AXT,160x600,37,0.19
2023-02-05,Web,rmweb.co.uk,21784358039/ATD_RMweb/ATD_300x250_INR2_AP_M,300x250,22,0.01
2023-02-10,Web,practicalfishkeeping.co.uk,21784358039/ATD_PracticalFishKeeping/ATD_728x90_GENERAL,728x90,37,0.02
2023-02-07,Web,rmweb.co.uk,21784358039/ATD_RMweb/ATD_300x250_Sticky_RHS_AP,300x250,29,0.02
2023-02-04,Web,timeshighereducation.com,21841059662/ATD_timeshighereducation/ATD_970x250_SP_INREAD,728x90,60,0.25
2023-02-06,Web,boxofficeindia.com,1067277/ATD_BoxofficeIndia/ATD_160x600_RHS,160x600,57,0.27
2023-02-05,Web,rmweb.co.uk,21784358039/ATD_RMweb/ATD_300x600_AXT,300x600,44,0.04
2023-02-07,Web,boxofficeindia.com,1067277/ATD_BoxofficeIndia/ATD_336x280_M_Multi,336x280,3,0.00
2023-02-09,Web,timeshighereducation.com,21841059662/ATD_timeshighereducation/ATD_300x250_Intentt,300x250,7,0.01
2023-02-06,Web,boxofficeindia.com,1067277/ATD_BoxofficeIndia/ATD_300x250_Mobile_Sectionpage_Top,336x280,15,0.01
2023-02-05,Web,rmweb.co.uk,21784358039/ATD_RMweb/ATD_300x250_Sticky_RHS_AP,300x250,10,0.00
2023-02-10,Web,outandaboutlive.co.uk,21784358039/ATD_outandaboutlive/ATD_970x250_GENERAL,970x90,7,0.00
2023-02-08,Web,rmweb.co.uk,21784358039/ATD_RMweb/ATD_300x250_INR2_HP_M,300x250,14,0.01
2023-02-06,Web,timeshighereducation.com,21841059662/ATD_timeshighereducation/ATD_728x90_Intentt,728x90,7,0.04
2023-02-04,Web,timeshighereducation.com,21841059662/ATD_timeshighereducation/ATD_970x250_AXT,970x250,25,0.11
2023-02-09,Web,outandaboutlive.co.uk,21784358039/ATD_outandaboutlive/ATD_320x100_GENERAL,320x100,8,0.01
2023-02-10,Web,practicalfishkeeping.co.uk,21784358039/ATD_PracticalFishKeeping/ATD_MULTISIZE_GENERAL,300x250,3,0.00
2023-02-09,Web,rmweb.co.uk,21784358039/ATD_RMweb/ATD_300x250_Sticky_RHS_AP,300x250,13,0.01
2023-02-08,Web,timeshighereducation.com,21841059662/ATD_timeshighereducation/ATD_728x90_Intentt,728x90,8,0.05
2023-02-06,Web,boxofficeindia.com,1067277/ATD_BoxofficeIndia/ATD_336x280_AXT,336x280,5,0.00
2023-02-04,Web,boxofficeindia.com,1067277/ATD_BoxofficeIndia/ATD_300x250_Mobile_Sectionpage_INR2,336x280,8,0.00
2023-02-05,Web,outandaboutlive.co.uk,21784358039/ATD_outandaboutlive/ATD_320x50_AXT,320x50,2,0.01
2023-02-04,Web,practicalfishkeeping.co.uk,21784358039/ATD_PracticalFishKeeping/ATD_300x250_INR3_SP,300x250,1,0.00
2023-02-05,Web,rmweb.co.uk,21784358039/ATD_RMweb/ATD_300x50_AXT,300x50,20,0.00
2023-02-04,Web,boxofficeindia.com,1067277/ATD_BoxofficeIndia/ATD_300x250_Mobile_Sectionpage_Mid,336x280,9,0.01
2023-02-06,Web,outandaboutlive.co.uk,21784358039/ATD_outandaboutlive/ATD_320x50_GENERAL,300x50,2,0.00
2023-02-08,Web,practicalfishkeeping.co.uk,21784358039/ATD_PracticalFishKeeping/ATD_300x250_INR1_AP,336x280,3,0.01
2023-02-07,Web,practicalfishkeeping.co.uk,21784358039/ATD_PracticalFishKeeping/ATD_300x250_INR3_SP,300x250,3,0.00
2023-02-06,Web,practicalfishkeeping.co.uk,21784358039/ATD_PracticalFishKeeping/ATD_300x250_INR3_SP,300x250,6,0.00
2023-02-07,Web,boxofficeindia.com,1067277/ATD_BoxofficeIndia/ATD_300x600_AXT,300x600,1,0.00
2023-02-04,Web,outandaboutlive.co.uk,21784358039/ATD_outandaboutlive/ATD_336x280_AXT,336x280,1,0.00
2023-02-10,Web,boxofficeindia.com,1067277/ATD_BoxofficeIndia/ATD_300x250_Desktop_Sectionpage_P4,300x250,67,0.05
2023-02-10,Web,timeshighereducation.com,21841059662/ATD_timeshighereducation/ATD_728x90_STUD_Top,728x90,116,0.32
2023-02-10,Web,outandaboutlive.co.uk,21784358039/ATD_outandaboutlive/ATD_300x600_AXT,300x600,99,0.53
2023-02-10,Web,practicalfishkeeping.co.uk,21784358039/ATD_PracticalFishKeeping/ATD_300x600_AXT,300x600,81,0.14
2023-02-10,Web,rmweb.co.uk,21784358039/ATD_RMweb/ATD_300x600_AXT,300x600,24,0.01
2023-02-09,Web,timeshighereducation.com,21841059662/ATD_timeshighereducation/ATD_300x600_general,300x600,425,1.13
2023-02-10,Web,outandaboutlive.co.uk,21784358039/ATD_outandaboutlive/ATD_970x250_GENERAL,970x250,94,0.71
2023-02-10,Web,practicalfishkeeping.co.uk,21784358039/ATD_PracticalFishKeeping/ATD_300x250_INR1_AP,336x280,12,0.01
2023-02-06,Web,timeshighereducation.com,21841059662/ATD_timeshighereducation/ATD_300x250_General,300x250,648,1.66
2023-02-06,Web,timeshighereducation.com,21841059662/ATD_timeshighereducation/ATD_160x600_Stud_LHS_ExtM,160x600,92,0.11
2023-02-06,Web,timeshighereducation.com,21841059662/ATD_timeshighereducation/ATD_300x600_general,300x600,504,1.33
2023-02-05,Web,boxofficeindia.com,1067277/ATD_BoxofficeIndia/ATD_300x250_Mobile_Sectionpage_Top,300x250,131,0.15
2023-02-05,Web,boxofficeindia.com,1067277/ATD_BoxofficeIndia/ATD_300x250_Mobile_Sectionpage_Mid,300x250,60,0.08
2023-02-08,Web,timeshighereducation.com,21841059662/ATD_timeshighereducation/ATD_300x50_AXT,300x50,27,0.03
2023-02-08,Web,timeshighereducation.com,21841059662/ATD_timeshighereducation/ATD_300x250_General,300x250,524,1.27
2023-02-08,Web,boxofficeindia.com,1067277/ATD_BoxofficeIndia/ATD_320x50_AXT,320x50,151,0.13
2023-02-08,Web,timeshighereducation.com,21841059662/ATD_timeshighereducation/ATD_300x600_general,300x600,501,1.38
2023-02-08,Web,outandaboutlive.co.uk,21784358039/ATD_outandaboutlive/ATD_320x50_AXT,320x50,10,0.17
2023-02-08,Web,timeshighereducation.com,21841059662/ATD_timeshighereducation/ATD_160x600_Acad_LHS_ExtM,160x600,244,0.24
2023-02-09,Web,boxofficeindia.com,1067277/ATD_BoxofficeIndia/ATD_336x280_M_Multi,300x250,54,0.03
2023-02-08,Web,practicalfishkeeping.co.uk,21784358039/ATD_PracticalFishKeeping/ATD_728x90_GENERAL,728x90,42,0.04
2023-02-04,Web,timeshighereducation.com,21841059662/ATD_timeshighereducation/ATD_300x250_General,300x250,558,1.42
2023-02-04,Web,timeshighereducation.com,21841059662/ATD_timeshighereducation/ATD_320x50_General,320x50,903,2.78
2023-02-07,Web,outandaboutlive.co.uk,21784358039/ATD_outandaboutlive/ATD_300x600_AXT,300x600,131,0.23
2023-02-07,Web,timeshighereducation.com,21841059662/ATD_timeshighereducation/ATD_300x250_AXT,300x250,86,0.21
2023-02-05,Web,practicalfishkeeping.co.uk,21784358039/ATD_PracticalFishKeeping/ATD_300x250_INR2_AP,300x250,48,0.06
2023-02-06,Web,practicalfishkeeping.co.uk,21784358039/ATD_PracticalFishKeeping/ATD_300x600_AXT,300x600,104,0.07
2023-02-08,Web,outandaboutlive.co.uk,21784358039/ATD_outandaboutlive/ATD_970x250_GENERAL,970x250,117,0.54
2023-02-05,Web,boxofficeindia.com,1067277/ATD_BoxofficeIndia/ATD_160x600_LHS,160x600,47,0.06
2023-02-09,Web,boxofficeindia.com,1067277/ATD_BoxofficeIndia/ATD_300x250_Mobile_Sectionpage_Top,300x250,84,0.05
2023-02-04,Web,outandaboutlive.co.uk,21784358039/ATD_outandaboutlive/ATD_320x50_AXT,320x50,10,0.01
2023-02-10,Web,outandaboutlive.co.uk,21784358039/ATD_outandaboutlive/ATD_320x50_AXT,320x50,21,0.18
2023-02-10,Web,rmweb.co.uk,21784358039/ATD_RMweb/ATD_300x250_INR2_HP_M,300x250,16,0.01
2023-02-10,Web,boxofficeindia.com,1067277/ATD_BoxofficeIndia/ATD_728x90_AXT,728x90,25,0.01
2023-02-04,Web,timeshighereducation.com,21841059662/ATD_timeshighereducation/ATD_300x600_general,300x250,109,0.14
2023-02-04,Web,practicalfishkeeping.co.uk,21784358039/ATD_PracticalFishKeeping/ATD_300x250_AXT,300x250,32,0.03
2023-02-04,Web,boxofficeindia.com,1067277/ATD_BoxofficeIndia/ATD_160x600_LHS,160x600,58,0.10
2023-02-04,Web,practicalfishkeeping.co.uk,21784358039/ATD_PracticalFishKeeping/ATD_320x50_GENERAL,320x50,159,0.13
2023-02-07,Web,boxofficeindia.com,1067277/ATD_BoxofficeIndia/ATD_300x250_Mobile_Sectionpage_INR2,300x250,47,0.05
2023-02-09,Web,timeshighereducation.com,21841059662/ATD_timeshighereducation/ATD_160x600_General,160x600,54,0.14
2023-02-07,Web,boxofficeindia.com,1067277/ATD_BoxofficeIndia/ATD_300x250_Mobile_Sectionpage_EOA,300x250,19,0.02
2023-02-05,Web,timeshighereducation.com,21841059662/ATD_timeshighereducation/ATD_300x50_AXT,300x50,17,0.01
2023-02-05,Web,rmweb.co.uk,21784358039/ATD_RMweb/ATD_728x90_INR3_HP_D,728x90,100,0.08
2023-02-05,Web,timeshighereducation.com,21841059662/ATD_timeshighereducation/ATD_300x250_AXT,300x250,56,0.20
2023-02-05,Web,rmweb.co.uk,21784358039/ATD_RMweb/ATD_300x250_Sticky_RHS_HP,300x250,38,0.03
2023-02-05,Web,rmweb.co.uk,21784358039/ATD_RMweb/ATD_320x50_AXT,320x50,14,0.00
2023-02-07,Web,timeshighereducation.com,21841059662/ATD_timeshighereducation/ATD_970x250_AXT,970x250,48,0.12
2023-02-08,Web,outandaboutlive.co.uk,21784358039/ATD_outandaboutlive/ATD_320x100_GENERAL,320x100,12,0.01
2023-02-07,Web,timeshighereducation.com,21841059662/ATD_timeshighereducation/ATD_160x600_Stud_LHS_ExtM,160x600,87,0.12
2023-02-04,Web,boxofficeindia.com,1067277/ATD_BoxofficeIndia/ATD_320x50_AXT,320x50,187,0.12
2023-02-04,Web,rmweb.co.uk,21784358039/ATD_RMweb/ATD_300x250_INR2_HP_M,300x250,18,0.01
2023-02-05,Web,boxofficeindia.com,1067277/ATD_BoxofficeIndia/ATD_300x250_Mobile_Sectionpage_Mid,336x280,12,0.01
2023-02-08,Web,boxofficeindia.com,1067277/ATD_BoxofficeIndia/ATD_336x280_M_Multi,336x280,7,0.00
2023-02-05,Web,outandaboutlive.co.uk,21784358039/ATD_outandaboutlive/ATD_336x280_AXT,336x280,14,0.02
2023-02-05,Web,practicalfishkeeping.co.uk,21784358039/ATD_PracticalFishKeeping/ATD_300x250_AXT,300x250,27,0.01
2023-02-08,Web,outandaboutlive.co.uk,21784358039/ATD_outandaboutlive/ATD_970x250_AXT,970x250,15,0.19
2023-02-04,Web,outandaboutlive.co.uk,21784358039/ATD_outandaboutlive/ATD_320x100_GENERAL,320x100,32,0.02
2023-02-05,Web,practicalfishkeeping.co.uk,21784358039/ATD_PracticalFishKeeping/ATD_300x250_INR_4,300x250,54,0.05
2023-02-05,Web,practicalfishkeeping.co.uk,21784358039/ATD_PracticalFishKeeping/ATD_728x90_GENERAL,728x90,32,0.03
2023-02-04,Web,practicalfishkeeping.co.uk,21784358039/ATD_PracticalFishKeeping/ATD_300x250_INR1_AP,300x250,16,0.01
2023-02-09,Web,timeshighereducation.com,21841059662/ATD_timeshighereducation/ATD_300x50_AXT,300x50,9,0.00
2023-02-09,Web,rmweb.co.uk,21784358039/ATD_RMweb/ATD_970x250_AXT,970x250,5,0.00
2023-02-08,Web,rmweb.co.uk,21784358039/ATD_RMweb/ATD_728x90_INR1_SP_D,728x90,24,0.01
2023-02-04,Web,rmweb.co.uk,21784358039/ATD_RMweb/ATD_320x50_AXT,320x50,17,0.02
2023-02-09,Web,timeshighereducation.com,21841059662/ATD_timeshighereducation/ATD_300x600_Interscroller_FC1_AP,300x600,5,0.01
2023-02-08,Web,boxofficeindia.com,1067277/ATD_BoxofficeIndia/ATD_300x250_Mobile_Sectionpage_EOA,336x280,4,0.00
2023-02-05,Web,outandaboutlive.co.uk,21784358039/ATD_outandaboutlive/ATD_320x50_GENERAL,320x50,25,0.03
2023-02-06,Web,timeshighereducation.com,21841059662/ATD_timeshighereducation/ATD_300x50_AXT,300x50,3,0.00
2023-02-09,Web,practicalfishkeeping.co.uk,21784358039/ATD_PracticalFishKeeping/ATD_320x50_AXT,320x50,1,0.00
2023-02-09,Web,outandaboutlive.co.uk,21784358039/ATD_outandaboutlive/ATD_970x250_GENERAL,970x90,2,0.00
2023-02-04,Web,boxofficeindia.com,1067277/ATD_BoxofficeIndia/ATD_300x250_Mobile_Sectionpage_Top,336x280,13,0.01
2023-02-07,Web,practicalfishkeeping.co.uk,21784358039/ATD_PracticalFishKeeping/ATD_300x250_AXT,300x250,18,0.02
2023-02-06,Web,timeshighereducation.com,21841059662/ATD_timeshighereducation/ATD_300x600_Interscroller_FC1_AP,300x600,3,0.02
2023-02-06,Web,outandaboutlive.co.uk,21784358039/ATD_outandaboutlive/ATD_300x250_INR1_FP,300x250,1,0.00
2023-02-05,Web,outandaboutlive.co.uk,21784358039/ATD_outandaboutlive/ATD_300x250_INR3_FP,300x250,1,0.00
2023-02-09,Web,practicalfishkeeping.co.uk,21784358039/ATD_PracticalFishKeeping/ATD_300x250_INR3_SP,300x250,4,0.00
2023-02-09,Web,outandaboutlive.co.uk,21784358039/ATD_outandaboutlive/ATD_300x250_AXT,300x250,6,0.07
2023-02-07,Web,timeshighereducation.com,21841059662/ATD_timeshighereducation/ATD_300x600_Interscroller_FC1_AP,320x480,3,0.00
2023-02-07,Web,rmweb.co.uk,21784358039/ATD_RMweb/ATD_320x50_GENERAL,300x50,13,0.01
2023-02-07,Web,timeshighereducation.com,21841059662/ATD_timeshighereducation/ATD_300x600_Intentt,300x250,1,0.00
2023-02-04,Web,timeshighereducation.com,21841059662/ATD_timeshighereducation/ATD_300x50_AXT,300x50,2,0.00
2023-02-05,Web,outandaboutlive.co.uk,21784358039/ATD_outandaboutlive/ATD_320x100_GENERAL,300x50,1,0.00
2023-02-10,Web,rmweb.co.uk,21784358039/ATD_RMweb/ATD_300x250_AXT,300x250,1,0.01
2023-02-09,Web,outandaboutlive.co.uk,21784358039/ATD_outandaboutlive/ATD_336x280_AXT,336x280,1,0.00
2023-02-09,Web,outandaboutlive.co.uk,21784358039/ATD_outandaboutlive/ATD_728x90_AXT,728x90,1,0.00
2023-02-08,Web,outandaboutlive.co.uk,21784358039/ATD_outandaboutlive/ATD_300x250_INR3_FP,300x250,1,0.00
2023-02-10,Web,rmweb.co.uk,21784358039/ATD_RMweb/ATD_300x250_INR1_HP_M,300x250,138,0.04
2023-02-10,Web,boxofficeindia.com,1067277/ATD_BoxofficeIndia/ATD_160x600_LHS,160x600,71,0.05
2023-02-10,Web,boxofficeindia.com,1067277/ATD_BoxofficeIndia/ATD_300x250_Mobile_Sectionpage_INR2,300x250,90,0.05
2023-02-10,Web,boxofficeindia.com,1067277/ATD_BoxofficeIndia/ATD_336x280_M_Multi,300x250,54,0.03
2023-02-10,Web,boxofficeindia.com,1067277/ATD_BoxofficeIndia/ATD_300x250_Mobile_Sectionpage_INR2,336x280,31,0.01
2023-02-10,Web,outandaboutlive.co.uk,21784358039/ATD_outandaboutlive/ATD_970x250_AXT,970x250,11,0.07
2023-02-10,Web,boxofficeindia.com,1067277/ATD_BoxofficeIndia/ATD_300x250_Desktop_Sectionpage_P3,300x250,64,0.04
2023-02-07,Web,timeshighereducation.com,21841059662/ATD_timeshighereducation/ATD_728x90_general,728x90,220,0.62
2023-02-07,Web,timeshighereducation.com,21841059662/ATD_timeshighereducation/ATD_970x250_STUD,970x250,473,1.39
2023-02-09,Web,timeshighereducation.com,21841059662/ATD_timeshighereducation/ATD_728x90_general,728x90,221,0.66
2023-02-09,Web,outandaboutlive.co.uk,21784358039/ATD_outandaboutlive/ATD_300x250_GENERAL,336x280,129,0.13
2023-02-09,Web,boxofficeindia.com,1067277/ATD_BoxofficeIndia/ATD_300x250_AXT,300x250,223,0.17
2023-02-08,Web,boxofficeindia.com,1067277/ATD_BoxofficeIndia/ATD_300x250_AXT,300x250,164,0.11
2023-02-08,Web,boxofficeindia.com,1067277/ATD_BoxofficeIndia/ATD_300x250_Mobile_Sectionpage_Top,300x250,47,0.05
2023-02-08,Web,boxofficeindia.com,1067277/ATD_BoxofficeIndia/ATD_300x250_Mobile_Sectionpage_INR2,336x280,10,0.01
2023-02-08,Web,outandaboutlive.co.uk,21784358039/ATD_outandaboutlive/ATD_300x600_AXT,300x600,220,1.20
2023-02-09,Web,timeshighereducation.com,21841059662/ATD_timeshighereducation/ATD_970x250_AXT,970x250,41,0.12
2023-02-09,Web,practicalfishkeeping.co.uk,21784358039/ATD_PracticalFishKeeping/ATD_728x90_GENERAL,728x90,33,0.02
2023-02-08,Web,timeshighereducation.com,21841059662/ATD_timeshighereducation/ATD_728x90_AXT,728x90,56,0.12
2023-02-06,Web,timeshighereducation.com,21841059662/ATD_timeshighereducation/ATD_320x50_General,320x50,794,1.99
2023-02-08,Web,practicalfishkeeping.co.uk,21784358039/ATD_PracticalFishKeeping/ATD_MULTISIZE_GENERAL,300x250,4,0.00
2023-02-04,Web,timeshighereducation.com,21841059662/ATD_timeshighereducation/ATD_160x600_Acad_LHS_ExtM,160x600,348,0.35
2023-02-04,Web,timeshighereducation.com,21841059662/ATD_timeshighereducation/ATD_300x600_general,300x600,264,0.74
2023-02-07,Web,timeshighereducation.com,21841059662/ATD_timeshighereducation/ATD_728x90_STUD_Top,728x90,139,0.50
2023-02-06,Web,timeshighereducation.com,21841059662/ATD_timeshighereducation/ATD_970x250_STUD,970x250,441,1.30
2023-02-06,Web,boxofficeindia.com,1067277/ATD_BoxofficeIndia/ATD_336x280_M_Multi,336x280,11,0.01
2023-02-06,Web,timeshighereducation.com,21841059662/ATD_timeshighereducation/ATD_728x90_general,728x90,204,0.61
2023-02-08,Web,rmweb.co.uk,21784358039/ATD_RMweb/ATD_300x250_INR1_HP_M,300x250,112,0.04
2023-02-08,Web,practicalfishkeeping.co.uk,21784358039/ATD_PracticalFishKeeping/ATD_320x50_GENERAL,320x50,115,0.10
2023-02-08,Web,rmweb.co.uk,21784358039/ATD_RMweb/ATD_320x50_GENERAL,300x50,31,0.01
2023-02-09,Web,boxofficeindia.com,1067277/ATD_BoxofficeIndia/ATD_336x280_AXT,336x280,28,0.01
2023-02-09,Web,rmweb.co.uk,21784358039/ATD_RMweb/ATD_300x250_INR2_AP_M,300x250,90,0.03
2023-02-09,Web,practicalfishkeeping.co.uk,21784358039/ATD_PracticalFishKeeping/ATD_300x250_AXT,300x250,12,0.01
2023-02-04,Web,practicalfishkeeping.co.uk,21784358039/ATD_PracticalFishKeeping/ATD_300x600_AXT,300x600,92,0.10
2023-02-04,Web,timeshighereducation.com,21841059662/ATD_timeshighereducation/ATD_970x250_General,970x250,276,1.06
2023-02-04,Web,outandaboutlive.co.uk,21784358039/ATD_outandaboutlive/ATD_320x50_GENERAL,320x50,21,0.02
2023-02-05,Web,timeshighereducation.com,21841059662/ATD_timeshighereducation/ATD_160x600_General,160x600,25,0.08
2023-02-08,Web,timeshighereducation.com,21841059662/ATD_timeshighereducation/ATD_160x600_General,160x600,51,0.13
2023-02-08,Web,outandaboutlive.co.uk,21784358039/ATD_outandaboutlive/ATD_300x250_AXT,300x250,26,0.14
2023-02-04,Web,practicalfishkeeping.co.uk,21784358039/ATD_PracticalFishKeeping/ATD_300x250_INR_4,300x250,40,0.03
2023-02-07,Web,practicalfishkeeping.co.uk,21784358039/ATD_PracticalFishKeeping/ATD_300x250_INR_4,300x250,29,0.02
2023-02-07,Web,outandaboutlive.co.uk,21784358039/ATD_outandaboutlive/ATD_320x100_GENERAL,320x50,20,0.02
2023-02-05,Web,boxofficeindia.com,1067277/ATD_BoxofficeIndia/ATD_728x90_AXT,728x90,31,0.03
2023-02-05,Web,timeshighereducation.com,21841059662/ATD_timeshighereducation/ATD_728x90_AXT,728x90,37,0.22
2023-02-05,Web,outandaboutlive.co.uk,21784358039/ATD_outandaboutlive/ATD_300x250_GENERAL,336x280,235,0.21
2023-02-05,Web,practicalfishkeeping.co.uk,21784358039/ATD_PracticalFishKeeping/ATD_970x250_GENERAL,728x90,27,0.02
2023-02-06,Web,outandaboutlive.co.uk,21784358039/ATD_outandaboutlive/ATD_320x100_GENERAL,320x50,45,0.03
2023-02-04,Web,rmweb.co.uk,21784358039/ATD_RMweb/ATD_728x90_INR1_SP_D,728x90,36,0.01
2023-02-04,Web,rmweb.co.uk,21784358039/ATD_RMweb/ATD_300x250_INR2_AP_M,300x250,28,0.02
2023-02-06,Web,rmweb.co.uk,21784358039/ATD_RMweb/ATD_728x90_INR1_SP_D,728x90,34,0.01
2023-02-06,Web,outandaboutlive.co.uk,21784358039/ATD_outandaboutlive/ATD_300x600_AXT,300x600,92,0.13
2023-02-06,Web,rmweb.co.uk,21784358039/ATD_RMweb/ATD_300x250_INR2_HP_M,300x250,21,0.01
2023-02-07,Web,boxofficeindia.com,1067277/ATD_BoxofficeIndia/ATD_300x250_Mobile_Sectionpage_Mid,300x250,28,0.02
2023-02-07,Web,boxofficeindia.com,1067277/ATD_BoxofficeIndia/ATD_728x90_AXT,728x90,18,0.02
2023-02-06,Web,rmweb.co.uk,21784358039/ATD_RMweb/ATD_300x250_INR2_AP_M,300x250,86,0.03
2023-02-10,Web,outandaboutlive.co.uk,21784358039/ATD_outandaboutlive/ATD_320x100_GENERAL,320x100,15,0.01
2023-02-04,Web,outandaboutlive.co.uk,21784358039/ATD_outandaboutlive/ATD_160x600_AXT,160x600,35,0.03
2023-02-04,Web,rmweb.co.uk,21784358039/ATD_RMweb/ATD_970x250_AXT,970x250,2,0.00
2023-02-05,Web,outandaboutlive.co.uk,21784358039/ATD_outandaboutlive/ATD_300x250_AXT,300x250,10,0.01
2023-02-07,Web,practicalfishkeeping.co.uk,21784358039/ATD_PracticalFishKeeping/ATD_728x90_GENERAL,728x90,33,0.02
2023-02-06,Web,practicalfishkeeping.co.uk,21784358039/ATD_PracticalFishKeeping/ATD_300x250_INR1_AP,300x250,10,0.01
2023-02-07,Web,outandaboutlive.co.uk,21784358039/ATD_outandaboutlive/ATD_300x250_INR3_FP,300x250,2,0.00
2023-02-08,Web,timeshighereducation.com,21841059662/ATD_timeshighereducation/ATD_300x600_Interscroller_FC1_AP,300x600,1,0.00
2023-02-07,Web,boxofficeindia.com,1067277/ATD_BoxofficeIndia/ATD_300x250_Mobile_Sectionpage_EOA,336x280,3,0.00
2023-02-07,Web,outandaboutlive.co.uk,21784358039/ATD_outandaboutlive/ATD_970x250_AXT,970x250,11,0.02
2023-02-10,Web,practicalfishkeeping.co.uk,21784358039/ATD_PracticalFishKeeping/ATD_336x280_AXT,336x280,3,0.00
2023-02-04,Web,boxofficeindia.com,1067277/ATD_BoxofficeIndia/ATD_336x280_M_Multi,336x280,10,0.01
2023-02-06,Web,practicalfishkeeping.co.uk,21784358039/ATD_PracticalFishKeeping/ATD_300x250_INR1_AP,336x280,7,0.00
2023-02-04,Web,rmweb.co.uk,21784358039/ATD_RMweb/ATD_728x90_AXT,728x90,3,0.00
2023-02-07,Web,rmweb.co.uk,21784358039/ATD_RMweb/ATD_300x250_AXT,300x250,3,0.00
2023-02-07,Web,timeshighereducation.com,21841059662/ATD_timeshighereducation/ATD_300x600_Intentt,300x600,1,0.01
2023-02-10,Web,outandaboutlive.co.uk,21784358039/ATD_outandaboutlive/ATD_320x100_AXT,320x100,2,0.00
2023-02-04,Web,practicalfishkeeping.co.uk,21784358039/ATD_PracticalFishKeeping/ATD_300x250_INR1_AP,336x280,2,0.00
2023-02-10,Web,practicalfishkeeping.co.uk,21784358039/ATD_PracticalFishKeeping/ATD_300x250_INR2_SP,300x250,2,0.00
2023-02-05,Web,outandaboutlive.co.uk,21784358039/ATD_outandaboutlive/ATD_320x50_GENERAL,300x50,5,0.00
2023-02-06,Web,outandaboutlive.co.uk,21784358039/ATD_outandaboutlive/ATD_300x250_AXT,300x250,4,0.01
2023-02-10,Web,outandaboutlive.co.uk,21784358039/ATD_outandaboutlive/ATD_300x250_INR3_FP,300x250,1,0.00
2023-02-10,Web,timeshighereducation.com,21841059662/ATD_timeshighereducation/ATD_970x250_AXT,970x250,59,0.14
2023-02-10,Web,timeshighereducation.com,21841059662/ATD_timeshighereducation/ATD_300x600_general,300x600,409,1.06
2023-02-10,Web,rmweb.co.uk,21784358039/ATD_RMweb/ATD_300x250_320x50_Sidebar_HP_D,300x250,180,0.08
2023-02-10,Web,boxofficeindia.com,1067277/ATD_BoxofficeIndia/ATD_300x250_Mobile_Sectionpage_Mid,336x280,33,0.02
2023-02-09,Web,timeshighereducation.com,21841059662/ATD_timeshighereducation/ATD_320x50_LHS_FWA_STUD,320x50,77,0.13
2023-02-09,Web,timeshighereducation.com,21841059662/ATD_timeshighereducation/ATD_300x250_General,300x250,628,1.55
2023-02-09,Web,practicalfishkeeping.co.uk,21784358039/ATD_PracticalFishKeeping/ATD_300x600_inarticle2,300x600,77,0.06
2023-02-09,Web,rmweb.co.uk,21784358039/ATD_RMweb/ATD_320x50_GENERAL,320x50,214,0.11
2023-02-09,Web,rmweb.co.uk,21784358039/ATD_RMweb/ATD_728x90_INR1_SP_D,728x90,81,0.03
2023-02-09,Web,rmweb.co.uk,21784358039/ATD_RMweb/ATD_320x50_GENERAL,300x50,56,0.02
2023-02-07,Web,timeshighereducation.com,21841059662/ATD_timeshighereducation/ATD_160x600_Acad_LHS_ExtM,160x600,452,0.51
2023-02-07,Web,rmweb.co.uk,21784358039/ATD_RMweb/ATD_970x250_SP_INR1_D,970x250,114,0.07
2023-02-07,Web,timeshighereducation.com,21841059662/ATD_timeshighereducation/ATD_320x50_General,320x50,"1,080",2.29
2023-02-07,Web,timeshighereducation.com,21841059662/ATD_timeshighereducation/ATD_320x50_AXT,320x50,666,1.18
2023-02-07,Web,rmweb.co.uk,21784358039/ATD_RMweb/ATD_728x90_AXT,728x90,3,0.00
2023-02-07,Web,boxofficeindia.com,1067277/ATD_BoxofficeIndia/ATD_300x250_AXT,300x250,102,0.08
2023-02-05,Web,boxofficeindia.com,1067277/ATD_BoxofficeIndia/ATD_336x280_M_Multi,300x250,66,0.05
2023-02-09,Web,boxofficeindia.com,1067277/ATD_BoxofficeIndia/ATD_300x250_Desktop_Sectionpage_P3,300x250,70,0.05
2023-02-09,Web,outandaboutlive.co.uk,21784358039/ATD_outandaboutlive/ATD_970x250_GENERAL,970x250,154,1.05
2023-02-08,Web,boxofficeindia.com,1067277/ATD_BoxofficeIndia/ATD_300x250_Desktop_Sectionpage_P4,300x250,35,0.03
2023-02-06,Web,practicalfishkeeping.co.uk,21784358039/ATD_PracticalFishKeeping/ATD_300x600_inarticle2,300x600,104,0.11
2023-02-08,Web,boxofficeindia.com,1067277/ATD_BoxofficeIndia/ATD_300x250_MOBILE,300x250,85,0.06
2023-02-09,Web,timeshighereducation.com,21841059662/ATD_timeshighereducation/ATD_728x90_AXT,728x90,33,0.09
2023-02-04,Web,practicalfishkeeping.co.uk,21784358039/ATD_PracticalFishKeeping/ATD_300x250_INR1_AP,300x600,30,0.02
2023-02-06,Web,outandaboutlive.co.uk,21784358039/ATD_outandaboutlive/ATD_300x250_GENERAL,300x250,303,0.18
2023-02-07,Web,practicalfishkeeping.co.uk,21784358039/ATD_PracticalFishKeeping/ATD_970x250_AXT,970x250,13,0.01
2023-02-07,Web,boxofficeindia.com,1067277/ATD_BoxofficeIndia/ATD_160x600_AXT,160x600,108,0.14
2023-02-05,Web,timeshighereducation.com,21841059662/ATD_timeshighereducation/ATD_160x600_AXT,160x600,620,0.71
2023-02-08,Web,timeshighereducation.com,21841059662/ATD_timeshighereducation/ATD_320x50_LHS_FWA_STUD,320x50,69,0.11
2023-02-08,Web,outandaboutlive.co.uk,21784358039/ATD_outandaboutlive/ATD_320x100_GENERAL,320x50,45,0.45
2023-02-08,Web,timeshighereducation.com,21841059662/ATD_timeshighereducation/ATD_970x250_SP_INREAD,970x250,93,0.30
2023-02-06,Web,practicalfishkeeping.co.uk,21784358039/ATD_PracticalFishKeeping/ATD_320x50_GENERAL,320x50,138,0.11
2023-02-06,Web,rmweb.co.uk,21784358039/ATD_RMweb/ATD_300x250_320x50_Sidebar_HP_D,300x250,52,0.03
2023-02-10,Web,practicalfishkeeping.co.uk,21784358039/ATD_PracticalFishKeeping/ATD_300x250_INR1_AP,300x250,16,0.02
2023-02-10,Web,outandaboutlive.co.uk,21784358039/ATD_outandaboutlive/ATD_320x100_GENERAL,300x50,34,0.55
2023-02-10,Web,practicalfishkeeping.co.uk,21784358039/ATD_PracticalFishKeeping/ATD_300x250_INR2_AP,300x250,32,0.02
2023-02-05,Web,timeshighereducation.com,21841059662/ATD_timeshighereducation/ATD_300x600_AXT,300x600,38,0.12
2023-02-04,Web,timeshighereducation.com,21841059662/ATD_timeshighereducation/ATD_728x90_STUD_Top,728x90,87,0.26
2023-02-04,Web,boxofficeindia.com,1067277/ATD_BoxofficeIndia/ATD_336x280_M_Multi,300x250,59,0.04
2023-02-04,Web,rmweb.co.uk,21784358039/ATD_RMweb/ATD_320x50_GENERAL,320x50,159,0.12
2023-02-07,Web,outandaboutlive.co.uk,21784358039/ATD_outandaboutlive/ATD_160x600_AXT,160x600,72,0.11
2023-02-09,Web,practicalfishkeeping.co.uk,21784358039/ATD_PracticalFishKeeping/ATD_300x250_INR1_SP,300x250,4,0.00
2023-02-09,Web,practicalfishkeeping.co.uk,21784358039/ATD_PracticalFishKeeping/ATD_320x50_GENERAL,320x50,109,0.10
2023-02-07,Web,practicalfishkeeping.co.uk,21784358039/ATD_PracticalFishKeeping/ATD_MULTISIZE_GENERAL,300x250,3,0.00
2023-02-07,Web,outandaboutlive.co.uk,21784358039/ATD_outandaboutlive/ATD_300x250_GENERAL,300x250,143,0.34
2023-02-07,Web,boxofficeindia.com,1067277/ATD_BoxofficeIndia/ATD_300x250_Desktop_Sectionpage_P3,300x250,30,0.03
2023-02-06,Web,rmweb.co.uk,21784358039/ATD_RMweb/ATD_970x250_SP_INR1_D,970x250,115,0.06
2023-02-05,Web,outandaboutlive.co.uk,21784358039/ATD_outandaboutlive/ATD_300x250_GENERAL,300x250,218,0.25
2023-02-08,Web,rmweb.co.uk,21784358039/ATD_RMweb/ATD_300x600_AXT,300x600,11,0.00
2023-02-10,Web,rmweb.co.uk,21784358039/ATD_RMweb/ATD_320x50_GENERAL,300x50,21,0.01
2023-02-04,Web,boxofficeindia.com,1067277/ATD_BoxofficeIndia/ATD_160x600_RHS,160x600,54,0.11
2023-02-09,Web,timeshighereducation.com,21841059662/ATD_timeshighereducation/ATD_728x90_Intentt,728x90,9,0.04
2023-02-07,Web,boxofficeindia.com,1067277/ATD_BoxofficeIndia/ATD_300x250_Desktop_Sectionpage_P4,300x250,31,0.03
2023-02-04,Web,practicalfishkeeping.co.uk,21784358039/ATD_PracticalFishKeeping/ATD_970x250_AXT,970x250,6,0.01
2023-02-05,Web,boxofficeindia.com,1067277/ATD_BoxofficeIndia/ATD_336x280_M_Multi,336x280,11,0.01
2023-02-04,Web,outandaboutlive.co.uk,21784358039/ATD_outandaboutlive/ATD_970x250_GENERAL,970x250,50,0.12
2023-02-04,Web,timeshighereducation.com,21841059662/ATD_timeshighereducation/ATD_300x250_AXT,300x250,35,0.09
2023-02-05,Web,practicalfishkeeping.co.uk,21784358039/ATD_PracticalFishKeeping/ATD_320x50_AXT,320x50,2,0.00
2023-02-04,Web,rmweb.co.uk,21784358039/ATD_RMweb/ATD_300x250_INR1_HP_M,300x250,44,0.02
2023-02-04,Web,practicalfishkeeping.co.uk,21784358039/ATD_PracticalFishKeeping/ATD_300x250_INR_4,336x280,14,0.01
2023-02-04,Web,outandaboutlive.co.uk,21784358039/ATD_outandaboutlive/ATD_320x100_GENERAL,300x50,5,0.00
2023-02-04,Web,rmweb.co.uk,21784358039/ATD_RMweb/ATD_320x50_GENERAL,300x50,27,0.02
2023-02-05,Web,boxofficeindia.com,1067277/ATD_BoxofficeIndia/ATD_300x250_Mobile_Sectionpage_Top,336x280,28,0.04
2023-02-06,Web,rmweb.co.uk,21784358039/ATD_RMweb/ATD_300x250_Sticky_RHS_HP,300x250,52,0.04
2023-02-06,Web,outandaboutlive.co.uk,21784358039/ATD_outandaboutlive/ATD_160x600_AXT,160x600,57,0.04
2023-02-06,Web,practicalfishkeeping.co.uk,21784358039/ATD_PracticalFishKeeping/ATD_728x90_GENERAL,728x90,33,0.02
2023-02-06,Web,boxofficeindia.com,1067277/ATD_BoxofficeIndia/ATD_300x250_Desktop_Sectionpage_P3,300x250,34,0.05
2023-02-10,Web,timeshighereducation.com,21841059662/ATD_timeshighereducation/ATD_300x50_AXT,300x50,7,0.01
2023-02-09,Web,timeshighereducation.com,21841059662/ATD_timeshighereducation/ATD_300x600_Interscroller_FC1_AP,300x250,7,0.04
2023-02-06,Web,boxofficeindia.com,1067277/ATD_BoxofficeIndia/ATD_300x250_Mobile_Sectionpage_Mid,336x280,4,0.01
2023-02-06,Web,outandaboutlive.co.uk,21784358039/ATD_outandaboutlive/ATD_336x280_AXT,336x280,1,0.00
2023-02-08,Web,timeshighereducation.com,21841059662/ATD_timeshighereducation/ATD_300x600_Interscroller_FC1_AP,300x250,1,0.00
2023-02-07,Web,rmweb.co.uk,21784358039/ATD_RMweb/ATD_300x50_AXT,300x50,1,0.00
2023-02-05,Web,practicalfishkeeping.co.uk,21784358039/ATD_PracticalFishKeeping/ATD_300x250_INR1_SP,300x250,3,0.00
2023-02-09,Web,timeshighereducation.com,21841059662/ATD_timeshighereducation/ATD_300x600_Interscroller_FC1_AP,320x480,1,0.00
2023-02-04,Web,timeshighereducation.com,21841059662/ATD_timeshighereducation/ATD_300x250_Intentt,300x250,1,0.00
2023-02-06,Web,timeshighereducation.com,21841059662/ATD_timeshighereducation/ATD_300x250_Intentt,300x250,2,0.01
2023-02-07,Web,outandaboutlive.co.uk,21784358039/ATD_outandaboutlive/ATD_320x100_AXT,320x100,2,0.00
2023-02-06,Web,outandaboutlive.co.uk,21784358039/ATD_outandaboutlive/ATD_300x250_INR3_FP,300x250,1,0.00
2023-02-10,Web,rmweb.co.uk,21784358039/ATD_RMweb/ATD_728x90_INR3_HP_D,728x90,306,0.14
2023-02-10,Web,boxofficeindia.com,1067277/ATD_BoxofficeIndia/ATD_300x250_Mobile_Sectionpage_Mid,300x250,55,0.03
2023-02-10,Web,timeshighereducation.com,21841059662/ATD_timeshighereducation/ATD_300x600_AXT,300x600,91,0.27
2023-02-10,Web,practicalfishkeeping.co.uk,21784358039/ATD_PracticalFishKeeping/ATD_300x250_INR1_AP,300x600,30,0.02
2023-02-10,Web,timeshighereducation.com,21841059662/ATD_timeshighereducation/ATD_970x250_SP_INREAD,728x90,93,0.42
2023-02-10,Web,outandaboutlive.co.uk,21784358039/ATD_outandaboutlive/ATD_320x50_GENERAL,300x50,23,0.36
2023-02-10,Web,timeshighereducation.com,21841059662/ATD_timeshighereducation/ATD_320x50_LHS_FWA_STUD,320x50,64,0.10
2023-02-09,Web,timeshighereducation.com,21841059662/ATD_timeshighereducation/ATD_300x600_general,300x250,200,0.41
2023-02-09,Web,practicalfishkeeping.co.uk,21784358039/ATD_PracticalFishKeeping/ATD_300x600_AXT,300x600,103,0.07
2023-02-09,Web,boxofficeindia.com,1067277/ATD_BoxofficeIndia/ATD_300x250_Mobile_Sectionpage_INR2,336x280,40,0.02
2023-02-09,Web,timeshighereducation.com,21841059662/ATD_timeshighereducation/ATD_728x90_STUD_Top,728x90,128,0.47
2023-02-07,Web,practicalfishkeeping.co.uk,21784358039/ATD_PracticalFishKeeping/ATD_320x50_GENERAL,320x50,107,0.08
2023-02-05,Web,boxofficeindia.com,1067277/ATD_BoxofficeIndia/ATD_160x600_RHS,160x600,47,0.06
2023-02-09,Web,boxofficeindia.com,1067277/ATD_BoxofficeIndia/ATD_300x250_Desktop_Sectionpage_P4,300x250,83,0.05
2023-02-09,Web,boxofficeindia.com,1067277/ATD_BoxofficeIndia/ATD_160x600_AXT,160x600,135,0.13
2023-02-08,Web,boxofficeindia.com,1067277/ATD_BoxofficeIndia/ATD_300x250_Desktop_Sectionpage_P3,300x250,32,0.03
2023-02-08,Web,rmweb.co.uk,21784358039/ATD_RMweb/ATD_320x50_GENERAL,320x50,251,0.11
2023-02-08,Web,timeshighereducation.com,21841059662/ATD_timeshighereducation/ATD_320x50_AXT,320x50,511,0.91
2023-02-08,Web,timeshighereducation.com,21841059662/ATD_timeshighereducation/ATD_728x90_general,728x90,240,0.68
2023-02-08,Web,timeshighereducation.com,21841059662/ATD_timeshighereducation/ATD_970x250_AXT,970x250,51,0.18
2023-02-08,Web,practicalfishkeeping.co.uk,21784358039/ATD_PracticalFishKeeping/ATD_300x250_INR_4,336x280,21,0.01
2023-02-08,Web,rmweb.co.uk,21784358039/ATD_RMweb/ATD_300x250_320x50_Sidebar_HP_D,300x250,33,0.03
2023-02-09,Web,practicalfishkeeping.co.uk,21784358039/ATD_PracticalFishKeeping/ATD_300x250_INR1_AP,300x600,19,0.01
2023-02-04,Web,timeshighereducation.com,21841059662/ATD_timeshighereducation/ATD_160x600_AXT,160x600,615,0.64
2023-02-04,Web,boxofficeindia.com,1067277/ATD_BoxofficeIndia/ATD_300x250_Mobile_Sectionpage_INR2,300x250,136,0.14
2023-02-04,Web,boxofficeindia.com,1067277/ATD_BoxofficeIndia/ATD_336x280_AXT,336x280,18,0.01
2023-02-10,Web,practicalfishkeeping.co.uk,21784358039/ATD_PracticalFishKeeping/ATD_970x250_GENERAL,728x90,27,0.02
2023-02-10,Web,boxofficeindia.com,1067277/ATD_BoxofficeIndia/ATD_300x250_Mobile_Sectionpage_EOA,336x280,17,0.01
2023-02-07,Web,timeshighereducation.com,21841059662/ATD_timeshighereducation/ATD_300x600_general,300x250,200,0.33
2023-02-07,Web,boxofficeindia.com,1067277/ATD_BoxofficeIndia/ATD_300x250_Mobile_Sectionpage_Top,336x280,8,0.01
2023-02-07,Web,timeshighereducation.com,21841059662/ATD_timeshighereducation/ATD_728x90_AXT,728x90,42,0.12
2023-02-07,Web,outandaboutlive.co.uk,21784358039/ATD_outandaboutlive/ATD_320x100_GENERAL,320x100,40,0.04
2023-02-05,Web,timeshighereducation.com,21841059662/ATD_timeshighereducation/ATD_320x50_Intentt,320x50,106,0.60
2023-02-05,Web,timeshighereducation.com,21841059662/ATD_timeshighereducation/ATD_300x600_general,300x600,340,0.92
2023-02-08,Web,boxofficeindia.com,1067277/ATD_BoxofficeIndia/ATD_728x90_AXT,728x90,25,0.02
2023-02-08,Web,practicalfishkeeping.co.uk,21784358039/ATD_PracticalFishKeeping/ATD_970x250_GENERAL,728x90,31,0.04
2023-02-05,Web,rmweb.co.uk,21784358039/ATD_RMweb/ATD_970x250_SP_INR1_D,970x250,105,0.04
2023-02-08,Web,rmweb.co.uk,21784358039/ATD_RMweb/ATD_728x90_INR3_HP_D,728x90,41,0.02
2023-02-08,Web,rmweb.co.uk,21784358039/ATD_RMweb/ATD_300x250_INR2_AP_M,300x250,104,0.04
2023-02-09,Web,practicalfishkeeping.co.uk,21784358039/ATD_PracticalFishKeeping/ATD_300x600_GENERAL,300x600,30,0.03
2023-02-09,Web,rmweb.co.uk,21784358039/ATD_RMweb/ATD_300x250_320x50_Sidebar_HP_D,300x250,23,0.01
2023-02-05,Web,boxofficeindia.com,1067277/ATD_BoxofficeIndia/ATD_300x250_AXT,300x250,167,0.22
2023-02-04,Web,rmweb.co.uk,21784358039/ATD_RMweb/ATD_300x250_320x50_Sidebar_HP_D,300x250,48,0.03
2023-02-04,Web,boxofficeindia.com,1067277/ATD_BoxofficeIndia/ATD_300x250_Desktop_Sectionpage_P3,300x250,54,0.05
2023-02-04,Web,outandaboutlive.co.uk,21784358039/ATD_outandaboutlive/ATD_320x50_GENERAL,300x50,4,0.00
2023-02-04,Web,boxofficeindia.com,1067277/ATD_BoxofficeIndia/ATD_300x250_Mobile_Sectionpage_EOA,300x250,55,0.05
2023-02-05,Web,rmweb.co.uk,21784358039/ATD_RMweb/ATD_320x50_GENERAL,320x50,198,0.14
2023-02-08,Web,timeshighereducation.com,21841059662/ATD_timeshighereducation/ATD_970x250_SP_INREAD,728x90,110,0.47
2023-02-07,Web,outandaboutlive.co.uk,21784358039/ATD_outandaboutlive/ATD_320x50_AXT,320x50,12,0.01
2023-02-07,Web,rmweb.co.uk,21784358039/ATD_RMweb/ATD_300x600_AXT,300x600,40,0.02
2023-02-07,Web,timeshighereducation.com,21841059662/ATD_timeshighereducation/ATD_300x50_AXT,300x50,16,0.02
2023-02-07,Web,timeshighereducation.com,21841059662/ATD_timeshighereducation/ATD_320x50_LHS_FWA_STUD,320x50,48,0.06
2023-02-08,Web,boxofficeindia.com,1067277/ATD_BoxofficeIndia/ATD_160x600_RHS,160x600,53,0.05
2023-02-06,Web,timeshighereducation.com,21841059662/ATD_timeshighereducation/ATD_300x250_AXT,300x250,116,0.41
2023-02-06,Web,rmweb.co.uk,21784358039/ATD_RMweb/ATD_300x250_AXT,300x250,4,0.00
2023-02-05,Web,timeshighereducation.com,21841059662/ATD_timeshighereducation/ATD_320x50_LHS_FWA_STUD,320x50,26,0.03
2023-02-10,Web,timeshighereducation.com,21841059662/ATD_timeshighereducation/ATD_320x50_Intentt,320x50,57,0.33
2023-02-07,Web,rmweb.co.uk,21784358039/ATD_RMweb/ATD_300x250_INR2_AP_M,300x250,31,0.02
2023-02-06,Web,rmweb.co.uk,21784358039/ATD_RMweb/ATD_320x50_GENERAL,300x50,39,0.01
2023-02-05,Web,timeshighereducation.com,21841059662/ATD_timeshighereducation/ATD_970x250_SP_INREAD,728x90,71,0.26
2023-02-07,Web,rmweb.co.uk,21784358039/ATD_RMweb/ATD_728x90_INR1_SP_D,728x90,88,0.03
2023-02-07,Web,outandaboutlive.co.uk,21784358039/ATD_outandaboutlive/ATD_970x250_GENERAL,728x90,24,0.04
2023-02-10,Web,practicalfishkeeping.co.uk,21784358039/ATD_PracticalFishKeeping/ATD_300x250_INR1_SP,300x250,2,0.00
2023-02-08,Web,outandaboutlive.co.uk,21784358039/ATD_outandaboutlive/ATD_320x50_GENERAL,320x50,25,0.41
2023-02-06,Web,boxofficeindia.com,1067277/ATD_BoxofficeIndia/ATD_300x250_Mobile_Sectionpage_INR2,336x280,13,0.01
2023-02-05,Web,rmweb.co.uk,21784358039/ATD_RMweb/ATD_300x250_INR2_HP_M,300x250,20,0.01
2023-02-06,Web,boxofficeindia.com,1067277/ATD_BoxofficeIndia/ATD_300x250_Mobile_Sectionpage_INR2,300x250,71,0.07
2023-02-04,Web,outandaboutlive.co.uk,21784358039/ATD_outandaboutlive/ATD_300x250_GENERAL,336x280,158,0.11
2023-02-05,Web,outandaboutlive.co.uk,21784358039/ATD_outandaboutlive/ATD_320x100_GENERAL,320x100,37,0.03
2023-02-04,Web,boxofficeindia.com,1067277/ATD_BoxofficeIndia/ATD_300x250_Mobile_Sectionpage_Mid,300x250,73,0.09
2023-02-06,Web,practicalfishkeeping.co.uk,21784358039/ATD_PracticalFishKeeping/ATD_300x600_GENERAL,300x600,38,0.07
2023-02-05,Web,boxofficeindia.com,1067277/ATD_BoxofficeIndia/ATD_336x280_AXT,336x280,25,0.03
2023-02-06,Web,timeshighereducation.com,21841059662/ATD_timeshighereducation/ATD_728x90_AXT,728x90,47,0.11
2023-02-04,Web,rmweb.co.uk,21784358039/ATD_RMweb/ATD_300x250_Sticky_RHS_AP,300x250,26,0.01
2023-02-05,Web,practicalfishkeeping.co.uk,21784358039/ATD_PracticalFishKeeping/ATD_300x250_INR3_SP,300x250,2,0.00
2023-02-07,Web,timeshighereducation.com,21841059662/ATD_timeshighereducation/ATD_300x600_Interscroller_FC1_AP,300x250,5,0.00
2023-02-06,Web,outandaboutlive.co.uk,21784358039/ATD_outandaboutlive/ATD_320x50_AXT,320x50,9,0.01
2023-02-08,Web,outandaboutlive.co.uk,21784358039/ATD_outandaboutlive/ATD_970x250_GENERAL,970x90,4,0.00
2023-02-09,Web,rmweb.co.uk,21784358039/ATD_RMweb/ATD_728x90_AXT,728x90,2,0.00
2023-02-10,Web,rmweb.co.uk,21784358039/ATD_RMweb/ATD_970x250_AXT,970x250,5,0.00
2023-02-08,Web,practicalfishkeeping.co.uk,21784358039/ATD_PracticalFishKeeping/ATD_336x280_AXT,336x280,1,0.00
2023-02-04,Web,timeshighereducation.com,21841059662/ATD_timeshighereducation/ATD_300x600_Interscroller_FC1_AP,300x250,3,0.00
2023-02-06,Web,outandaboutlive.co.uk,21784358039/ATD_outandaboutlive/ATD_320x100_GENERAL,300x50,3,0.00
2023-02-09,Web,timeshighereducation.com,21841059662/ATD_timeshighereducation/ATD_300x600_Intentt,300x600,1,0.00
2023-02-09,Web,outandaboutlive.co.uk,21784358039/ATD_outandaboutlive/ATD_970x250_AXT,970x250,5,0.01
2023-02-07,Web,timeshighereducation.com,21841059662/ATD_timeshighereducation/ATD_300x250_Intentt,300x250,4,0.01
2023-02-04,Web,timeshighereducation.com,21841059662/ATD_timeshighereducation/ATD_728x90_Intentt,728x90,3,0.02
2023-02-05,Web,timeshighereducation.com,21841059662/ATD_timeshighereducation/ATD_300x250_Intentt,300x250,2,0.02
2023-02-10,Web,practicalfishkeeping.co.uk,21784358039/ATD_PracticalFishKeeping/ATD_320x50_AXT,320x50,1,0.00
2023-02-07,Web,outandaboutlive.co.uk,21784358039/ATD_outandaboutlive/ATD_970x250_GENERAL,970x90,2,0.00
2023-02-09,Web,timeshighereducation.com,21841059662/ATD_timeshighereducation/ATD_300x600_Intentt,300x250,2,0.01
2023-02-06,Web,timeshighereducation.com,21841059662/ATD_timeshighereducation/ATD_300x600_Intentt,300x250,2,0.00
2023-02-06,Web,timeshighereducation.com,21841059662/ATD_timeshighereducation/ATD_300x600_Intentt,300x600,3,0.02
2023-02-08,Web,timeshighereducation.com,21841059662/ATD_timeshighereducation/ATD_300x250_Intentt,300x250,1,0.01
2023-02-10,Web,timeshighereducation.com,21841059662/ATD_timeshighereducation/ATD_300x250_General,300x250,622,1.50
2023-02-10,Web,boxofficeindia.com,1067277/ATD_BoxofficeIndia/ATD_300x250_Mobile_Sectionpage_Top,300x250,86,0.04
2023-02-10,Web,rmweb.co.uk,21784358039/ATD_RMweb/ATD_300x250_INR2_AP_M,300x250,148,0.05
2023-02-10,Web,rmweb.co.uk,21784358039/ATD_RMweb/ATD_970x250_SP_INR1_D,970x250,126,0.04
2023-02-10,Web,rmweb.co.uk,21784358039/ATD_RMweb/ATD_728x90_INR1_SP_D,728x90,795,0.38
2023-02-10,Web,practicalfishkeeping.co.uk,21784358039/ATD_PracticalFishKeeping/ATD_320x50_GENERAL,320x50,122,0.09
2023-02-10,Web,timeshighereducation.com,21841059662/ATD_timeshighereducation/ATD_320x50_AXT,320x50,521,1.06
2023-02-10,Web,timeshighereducation.com,21841059662/ATD_timeshighereducation/ATD_970x250_SP_INREAD,970x250,80,0.22
2023-02-10,Web,boxofficeindia.com,1067277/ATD_BoxofficeIndia/ATD_300x250_Mobile_Sectionpage_EOA,300x250,39,0.03
2023-02-10,Web,timeshighereducation.com,21841059662/ATD_timeshighereducation/ATD_300x600_general,300x250,157,0.28
2023-02-10,Web,practicalfishkeeping.co.uk,21784358039/ATD_PracticalFishKeeping/ATD_300x250_INR_4,336x280,20,0.01
2023-02-07,Web,rmweb.co.uk,21784358039/ATD_RMweb/ATD_300x250_Sticky_RHS_HP,300x250,30,0.02
2023-02-07,Web,boxofficeindia.com,1067277/ATD_BoxofficeIndia/ATD_300x250_Mobile_Sectionpage_Top,300x250,51,0.07
2023-02-09,Web,outandaboutlive.co.uk,21784358039/ATD_outandaboutlive/ATD_300x600_AXT,300x600,129,0.47
2023-02-09,Web,timeshighereducation.com,21841059662/ATD_timeshighereducation/ATD_970x250_STUD,970x250,479,1.52
2023-02-09,Web,outandaboutlive.co.uk,21784358039/ATD_outandaboutlive/ATD_320x50_GENERAL,300x50,27,0.46
2023-02-09,Web,boxofficeindia.com,1067277/ATD_BoxofficeIndia/ATD_160x600_LHS,160x600,110,0.05
2023-02-09,Web,timeshighereducation.com,21841059662/ATD_timeshighereducation/ATD_320x50_AXT,320x50,684,1.75
2023-02-09,Web,timeshighereducation.com,21841059662/ATD_timeshighereducation/ATD_970x250_General,970x250,580,1.95
2023-02-10,Web,practicalfishkeeping.co.uk,21784358039/ATD_PracticalFishKeeping/ATD_300x600_GENERAL,300x600,52,0.05
2023-02-06,Web,timeshighereducation.com,21841059662/ATD_timeshighereducation/ATD_320x50_Intentt,320x50,84,0.47
2023-02-05,Web,practicalfishkeeping.co.uk,21784358039/ATD_PracticalFishKeeping/ATD_300x600_AXT,300x600,115,0.08
2023-02-05,Web,boxofficeindia.com,1067277/ATD_BoxofficeIndia/ATD_300x250_Mobile_Sectionpage_INR2,300x250,131,0.16
2023-02-09,Web,timeshighereducation.com,21841059662/ATD_timeshighereducation/ATD_300x250_AXT,300x250,119,0.42
2023-02-09,Web,practicalfishkeeping.co.uk,21784358039/ATD_PracticalFishKeeping/ATD_300x250_INR_4,336x280,13,0.01
2023-02-09,Web,boxofficeindia.com,1067277/ATD_BoxofficeIndia/ATD_160x600_RHS,160x600,119,0.07
2023-02-09,Web,timeshighereducation.com,21841059662/ATD_timeshighereducation/ATD_970x250_SP_INREAD,970x250,97,0.31
2023-02-08,Web,timeshighereducation.com,21841059662/ATD_timeshighereducation/ATD_970x250_General,970x250,603,1.84
2023-02-08,Web,timeshighereducation.com,21841059662/ATD_timeshighereducation/ATD_320x50_General,320x50,924,1.65
2023-02-08,Web,boxofficeindia.com,1067277/ATD_BoxofficeIndia/ATD_300x250_Mobile_Sectionpage_Top,336x280,11,0.01
2023-02-06,Web,boxofficeindia.com,1067277/ATD_BoxofficeIndia/ATD_300x250_MOBILE,300x250,101,0.17
2023-02-09,Web,boxofficeindia.com,1067277/ATD_BoxofficeIndia/ATD_336x280_M_Multi,336x280,21,0.01
2023-02-04,Web,timeshighereducation.com,21841059662/ATD_timeshighereducation/ATD_970x250_STUD,970x250,349,1.00
2023-02-09,Web,practicalfishkeeping.co.uk,21784358039/ATD_PracticalFishKeeping/ATD_300x250_INR2_AP,300x250,26,0.02
2023-02-10,Web,outandaboutlive.co.uk,21784358039/ATD_outandaboutlive/ATD_300x250_AXT,300x250,6,0.04
2023-02-07,Web,outandaboutlive.co.uk,21784358039/ATD_outandaboutlive/ATD_970x250_GENERAL,970x250,64,0.09
2023-02-07,Web,outandaboutlive.co.uk,21784358039/ATD_outandaboutlive/ATD_336x280_AXT,336x280,13,0.01
2023-02-06,Web,practicalfishkeeping.co.uk,21784358039/ATD_PracticalFishKeeping/ATD_970x250_GENERAL,728x90,42,0.03
2023-02-05,Web,practicalfishkeeping.co.uk,21784358039/ATD_PracticalFishKeeping/ATD_300x600_GENERAL,300x600,56,0.07
2023-02-05,Web,rmweb.co.uk,21784358039/ATD_RMweb/ATD_320x50_GENERAL,300x50,21,0.01
2023-02-05,Web,timeshighereducation.com,21841059662/ATD_timeshighereducation/ATD_160x600_Stud_LHS_ExtM,160x600,75,0.07
2023-02-08,Web,practicalfishkeeping.co.uk,21784358039/ATD_PracticalFishKeeping/ATD_300x600_inarticle2,300x600,82,0.09
2023-02-06,Web,boxofficeindia.com,1067277/ATD_BoxofficeIndia/ATD_300x250_AXT,300x250,78,0.09
2023-02-08,Web,timeshighereducation.com,21841059662/ATD_timeshighereducation/ATD_300x600_AXT,300x600,100,0.23
2023-02-05,Web,outandaboutlive.co.uk,21784358039/ATD_outandaboutlive/ATD_320x100_GENERAL,320x50,30,0.05
2023-02-05,Web,timeshighereducation.com,21841059662/ATD_timeshighereducation/ATD_970x250_General,970x250,309,1.31
2023-02-09,Web,outandaboutlive.co.uk,21784358039/ATD_outandaboutlive/ATD_320x100_GENERAL,300x50,21,0.46
2023-02-09,Web,rmweb.co.uk,21784358039/ATD_RMweb/ATD_728x90_INR3_HP_D,728x90,52,0.02
2023-02-09,Web,rmweb.co.uk,21784358039/ATD_RMweb/ATD_300x250_INR2_HP_M,300x250,11,0.01
2023-02-04,Web,boxofficeindia.com,1067277/ATD_BoxofficeIndia/ATD_300x250_AXT,300x250,188,0.23
2023-02-04,Web,boxofficeindia.com,1067277/ATD_BoxofficeIndia/ATD_300x250_Mobile_Sectionpage_Top,300x250,149,0.15
2023-02-04,Web,practicalfishkeeping.co.uk,21784358039/ATD_PracticalFishKeeping/ATD_300x600_inarticle2,300x600,99,0.10
2023-02-09,Web,outandaboutlive.co.uk,21784358039/ATD_outandaboutlive/ATD_160x600_AXT,160x600,23,0.08
2023-02-07,Web,practicalfishkeeping.co.uk,21784358039/ATD_PracticalFishKeeping/ATD_300x600_GENERAL,300x600,38,0.03
2023-02-07,Web,boxofficeindia.com,1067277/ATD_BoxofficeIndia/ATD_300x250_MOBILE,300x250,74,0.07
2023-02-05,Web,outandaboutlive.co.uk,21784358039/ATD_outandaboutlive/ATD_300x600_AXT,300x600,95,0.14
2023-02-07,Web,rmweb.co.uk,21784358039/ATD_RMweb/ATD_300x250_INR1_HP_M,300x250,90,0.05
2023-02-07,Web,practicalfishkeeping.co.uk,21784358039/ATD_PracticalFishKeeping/ATD_970x250_GENERAL,728x90,29,0.02
2023-02-04,Web,outandaboutlive.co.uk,21784358039/ATD_outandaboutlive/ATD_970x250_GENERAL,728x90,20,0.12
2023-02-08,Web,timeshighereducation.com,21841059662/ATD_timeshighereducation/ATD_300x600_Intentt,300x600,1,0.00
2023-02-06,Web,outandaboutlive.co.uk,21784358039/ATD_outandaboutlive/ATD_300x250_GENERAL,336x280,342,0.25
2023-02-06,Web,outandaboutlive.co.uk,21784358039/ATD_outandaboutlive/ATD_970x250_GENERAL,728x90,28,0.04
2023-02-06,Web,rmweb.co.uk,21784358039/ATD_RMweb/ATD_320x50_AXT,320x50,20,0.01
2023-02-05,Web,boxofficeindia.com,1067277/ATD_BoxofficeIndia/ATD_300x250_Mobile_Sectionpage_INR2,336x280,23,0.02
2023-02-06,Web,outandaboutlive.co.uk,21784358039/ATD_outandaboutlive/ATD_970x250_GENERAL,970x90,32,0.02
2023-02-08,Web,rmweb.co.uk,21784358039/ATD_RMweb/ATD_728x90_AXT,728x90,3,0.00
2023-02-05,Web,outandaboutlive.co.uk,21784358039/ATD_outandaboutlive/ATD_970x250_AXT,970x250,35,0.05
2023-02-05,Web,boxofficeindia.com,1067277/ATD_BoxofficeIndia/ATD_300x250_Mobile_Sectionpage_EOA,336x280,7,0.01
2023-02-07,Web,boxofficeindia.com,1067277/ATD_BoxofficeIndia/ATD_300x250_Mobile_Sectionpage_INR2,336x280,7,0.01
2023-02-05,Web,timeshighereducation.com,21841059662/ATD_timeshighereducation/ATD_728x90_Intentt,728x90,6,0.03
2023-02-10,Web,timeshighereducation.com,21841059662/ATD_timeshighereducation/ATD_160x600_AXT,160x600,2,0.00
2023-02-04,Web,timeshighereducation.com,21841059662/ATD_timeshighereducation/ATD_300x600_Interscroller_FC1_AP,300x600,3,0.02
2023-02-06,Web,outandaboutlive.co.uk,21784358039/ATD_outandaboutlive/ATD_320x100_GENERAL,320x100,35,0.02
2023-02-07,Web,rmweb.co.uk,21784358039/ATD_RMweb/ATD_320x50_AXT,320x50,6,0.00
2023-02-09,Web,practicalfishkeeping.co.uk,21784358039/ATD_PracticalFishKeeping/ATD_300x250_INR1_AP,336x280,6,0.00
2023-02-05,Web,rmweb.co.uk,21784358039/ATD_RMweb/ATD_300x250_AXT,300x250,2,0.00
2023-02-04,Web,rmweb.co.uk,21784358039/ATD_RMweb/ATD_300x50_AXT,300x50,6,0.00
2023-02-07,Web,outandaboutlive.co.uk,21784358039/ATD_outandaboutlive/ATD_320x50_GENERAL,300x50,5,0.01
2023-02-06,Web,practicalfishkeeping.co.uk,21784358039/ATD_PracticalFishKeeping/ATD_300x250_INR1_SP,300x250,8,0.00
2023-02-06,Web,rmweb.co.uk,21784358039/ATD_RMweb/ATD_728x90_AXT,728x90,2,0.00
2023-02-04,Web,practicalfishkeeping.co.uk,21784358039/ATD_PracticalFishKeeping/ATD_320x50_AXT,320x50,1,0.00
2023-02-04,Web,boxofficeindia.com,1067277/ATD_BoxofficeIndia/ATD_300x600_AXT,300x600,1,0.00
2023-02-10,Web,rmweb.co.uk,21784358039/ATD_RMweb/ATD_300x250_Sticky_RHS_HP,300x250,175,0.09
2023-02-10,Web,rmweb.co.uk,21784358039/ATD_RMweb/ATD_320x50_GENERAL,320x50,205,0.10
2023-02-10,Web,boxofficeindia.com,1067277/ATD_BoxofficeIndia/ATD_160x600_AXT,160x600,164,0.08
2023-02-10,Web,outandaboutlive.co.uk,21784358039/ATD_outandaboutlive/ATD_320x100_GENERAL,320x50,57,0.48
2023-02-10,Web,timeshighereducation.com,21841059662/ATD_timeshighereducation/ATD_300x600_Interscroller_FC1_AP,300x250,5,0.00
2023-02-10,Web,timeshighereducation.com,21841059662/ATD_timeshighereducation/ATD_320x50_General,320x50,988,2.03
2023-02-10,Web,boxofficeindia.com,1067277/ATD_BoxofficeIndia/ATD_300x250_MOBILE,300x250,160,0.10
2023-02-10,Web,timeshighereducation.com,21841059662/ATD_timeshighereducation/ATD_970x250_STUD,970x250,441,1.00
2023-02-10,Web,timeshighereducation.com,21841059662/ATD_timeshighereducation/ATD_728x90_general,728x90,153,0.50
2023-02-10,Web,outandaboutlive.co.uk,21784358039/ATD_outandaboutlive/ATD_320x50_GENERAL,320x50,36,0.44
2023-02-09,Web,outandaboutlive.co.uk,21784358039/ATD_outandaboutlive/ATD_300x250_GENERAL,300x250,192,1.55
2023-02-09,Web,outandaboutlive.co.uk,21784358039/ATD_outandaboutlive/ATD_970x250_GENERAL,728x90,67,0.33
2023-02-09,Web,boxofficeindia.com,1067277/ATD_BoxofficeIndia/ATD_300x250_Mobile_Sectionpage_Mid,300x250,62,0.03
2023-02-07,Web,timeshighereducation.com,21841059662/ATD_timeshighereducation/ATD_970x250_SP_INREAD,728x90,110,0.52
2023-02-07,Web,timeshighereducation.com,21841059662/ATD_timeshighereducation/ATD_300x250_General,300x250,580,1.33
2023-02-06,Web,boxofficeindia.com,1067277/ATD_BoxofficeIndia/ATD_160x600_AXT,160x600,99,0.11
2023-02-09,Web,rmweb.co.uk,21784358039/ATD_RMweb/ATD_300x250_INR1_HP_M,300x250,101,0.04
2023-02-08,Web,timeshighereducation.com,21841059662/ATD_timeshighereducation/ATD_160x600_AXT,160x600,387,0.40
2023-02-08,Web,outandaboutlive.co.uk,21784358039/ATD_outandaboutlive/ATD_300x250_GENERAL,336x280,71,0.05
2023-02-08,Web,timeshighereducation.com,21841059662/ATD_timeshighereducation/ATD_320x50_Intentt,320x50,59,0.41
2023-02-06,Web,timeshighereducation.com,21841059662/ATD_timeshighereducation/ATD_300x600_general,300x250,185,0.37
2023-02-06,Web,rmweb.co.uk,21784358039/ATD_RMweb/ATD_320x50_GENERAL,320x50,214,0.11
2023-02-06,Web,boxofficeindia.com,1067277/ATD_BoxofficeIndia/ATD_300x250_Mobile_Sectionpage_Mid,300x250,27,0.03
2023-02-04,Web,timeshighereducation.com,21841059662/ATD_timeshighereducation/ATD_320x50_AXT,320x50,528,1.18
2023-02-10,Web,practicalfishkeeping.co.uk,21784358039/ATD_PracticalFishKeeping/ATD_300x250_INR_4,300x250,26,0.02
2023-02-10,Web,practicalfishkeeping.co.uk,21784358039/ATD_PracticalFishKeeping/ATD_300x250_AXT,300x250,29,0.02
2023-02-06,Web,timeshighereducation.com,21841059662/ATD_timeshighereducation/ATD_970x250_SP_INREAD,728x90,77,0.30
2023-02-07,Web,rmweb.co.uk,21784358039/ATD_RMweb/ATD_320x50_GENERAL,320x50,176,0.13
2023-02-07,Web,practicalfishkeeping.co.uk,21784358039/ATD_PracticalFishKeeping/ATD_300x600_inarticle2,300x600,93,0.06
2023-02-05,Web,timeshighereducation.com,21841059662/ATD_timeshighereducation/ATD_320x50_AXT,320x50,426,0.96
2023-02-05,Web,timeshighereducation.com,21841059662/ATD_timeshighereducation/ATD_300x600_general,300x250,112,0.19
2023-02-08,Web,timeshighereducation.com,21841059662/ATD_timeshighereducation/ATD_300x250_AXT,300x250,82,0.23
2023-02-08,Web,practicalfishkeeping.co.uk,21784358039/ATD_PracticalFishKeeping/ATD_300x250_INR1_AP,300x250,14,0.01
2023-02-08,Web,boxofficeindia.com,1067277/ATD_BoxofficeIndia/ATD_300x250_Mobile_Sectionpage_INR2,300x250,43,0.04
2023-02-08,Web,boxofficeindia.com,1067277/ATD_BoxofficeIndia/ATD_300x250_Mobile_Sectionpage_EOA,300x250,22,0.02
2023-02-08,Web,timeshighereducation.com,21841059662/ATD_timeshighereducation/ATD_160x600_Stud_LHS_ExtM,160x600,42,0.07
2023-02-06,Web,boxofficeindia.com,1067277/ATD_BoxofficeIndia/ATD_300x250_Desktop_Sectionpage_P4,300x250,32,0.04
2023-02-05,Web,practicalfishkeeping.co.uk,21784358039/ATD_PracticalFishKeeping/ATD_300x600_inarticle2,300x600,149,0.11
2023-02-05,Web,practicalfishkeeping.co.uk,21784358039/ATD_PracticalFishKeeping/ATD_320x50_GENERAL,320x50,199,0.16
2023-02-08,Web,rmweb.co.uk,21784358039/ATD_RMweb/ATD_300x250_Sticky_RHS_AP,300x250,16,0.02
2023-02-06,Web,practicalfishkeeping.co.uk,21784358039/ATD_PracticalFishKeeping/ATD_300x250_INR1_AP,300x600,27,0.06
2023-02-09,Web,practicalfishkeeping.co.uk,21784358039/ATD_PracticalFishKeeping/ATD_970x250_AXT,970x250,6,0.00
2023-02-04,Web,timeshighereducation.com,21841059662/ATD_timeshighereducation/ATD_728x90_general,728x90,134,0.44
2023-02-05,Web,practicalfishkeeping.co.uk,21784358039/ATD_PracticalFishKeeping/ATD_MULTISIZE_GENERAL,300x250,7,0.00
2023-02-04,Web,boxofficeindia.com,1067277/ATD_BoxofficeIndia/ATD_300x250_MOBILE,300x250,187,0.19
2023-02-04,Web,outandaboutlive.co.uk,21784358039/ATD_outandaboutlive/ATD_300x250_GENERAL,300x250,116,0.11
2023-02-04,Web,timeshighereducation.com,21841059662/ATD_timeshighereducation/ATD_320x50_LHS_FWA_STUD,320x50,47,0.09
2023-02-04,Web,outandaboutlive.co.uk,21784358039/ATD_outandaboutlive/ATD_320x100_GENERAL,320x50,26,0.03
2023-02-05,Web,boxofficeindia.com,1067277/ATD_BoxofficeIndia/ATD_320x50_AXT,320x50,210,0.13
2023-02-09,Web,boxofficeindia.com,1067277/ATD_BoxofficeIndia/ATD_728x90_AXT,728x90,39,0.03
2023-02-04,Web,timeshighereducation.com,21841059662/ATD_timeshighereducation/ATD_728x90_AXT,728x90,27,0.07
2023-02-07,Web,timeshighereducation.com,21841059662/ATD_timeshighereducation/ATD_970x250_SP_INREAD,970x250,117,0.37
2023-02-09,Web,boxofficeindia.com,1067277/ATD_BoxofficeIndia/ATD_300x250_Mobile_Sectionpage_Mid,336x280,13,0.00
2023-02-07,Web,boxofficeindia.com,1067277/ATD_BoxofficeIndia/ATD_160x600_RHS,160x600,43,0.05
2023-02-06,Web,boxofficeindia.com,1067277/ATD_BoxofficeIndia/ATD_728x90_AXT,728x90,23,0.05
2023-02-06,Web,rmweb.co.uk,21784358039/ATD_RMweb/ATD_300x250_Sticky_RHS_AP,300x250,33,0.03
2023-02-05,Web,rmweb.co.uk,21784358039/ATD_RMweb/ATD_300x250_INR1_HP_M,300x250,71,0.03
2023-02-05,Web,timeshighereducation.com,21841059662/ATD_timeshighereducation/ATD_970x250_SP_INREAD,970x250,61,0.19
2023-02-05,Web,boxofficeindia.com,1067277/ATD_BoxofficeIndia/ATD_300x250_Desktop_Sectionpage_P3,300x250,43,0.05
2023-02-05,Web,outandaboutlive.co.uk,21784358039/ATD_outandaboutlive/ATD_970x250_GENERAL,728x90,14,0.01
2023-02-05,Web,practicalfishkeeping.co.uk,21784358039/ATD_PracticalFishKeeping/ATD_300x250_INR1_AP,336x280,10,0.01
2023-02-07,Web,boxofficeindia.com,1067277/ATD_BoxofficeIndia/ATD_336x280_AXT,336x280,5,0.01
2023-02-07,Web,timeshighereducation.com,21841059662/ATD_timeshighereducation/ATD_300x600_AXT,300x600,82,0.18
2023-02-07,Web,practicalfishkeeping.co.uk,21784358039/ATD_PracticalFishKeeping/ATD_300x250_INR1_AP,300x600,26,0.02
2023-02-07,Web,practicalfishkeeping.co.uk,21784358039/ATD_PracticalFishKeeping/ATD_300x250_INR_4,336x280,16,0.01
2023-02-04,Web,boxofficeindia.com,1067277/ATD_BoxofficeIndia/ATD_300x250_Mobile_Sectionpage_EOA,336x280,6,0.00
2023-02-06,Web,practicalfishkeeping.co.uk,21784358039/ATD_PracticalFishKeeping/ATD_300x250_INR_4,336x280,17,0.03
2023-02-04,Web,practicalfishkeeping.co.uk,21784358039/ATD_PracticalFishKeeping/ATD_336x280_AXT,336x280,2,0.00
2023-02-04,Web,rmweb.co.uk,21784358039/ATD_RMweb/ATD_970x250_SP_INR1_D,970x250,101,0.06
2023-02-06,Web,boxofficeindia.com,1067277/ATD_BoxofficeIndia/ATD_336x280_M_Multi,300x250,41,0.04
2023-02-06,Web,outandaboutlive.co.uk,21784358039/ATD_outandaboutlive/ATD_970x250_AXT,970x250,10,0.01
2023-02-05,Web,boxofficeindia.com,1067277/ATD_BoxofficeIndia/ATD_300x250_Desktop_Sectionpage_P4,300x250,37,0.04
2023-02-04,Web,rmweb.co.uk,21784358039/ATD_RMweb/ATD_300x250_Sticky_RHS_HP,300x250,44,0.03
2023-02-04,Web,practicalfishkeeping.co.uk,21784358039/ATD_PracticalFishKeeping/ATD_728x90_GENERAL,728x90,28,0.02
2023-02-05,Web,practicalfishkeeping.co.uk,21784358039/ATD_PracticalFishKeeping/ATD_300x250_INR_4,336x280,14,0.01
2023-02-04,Web,boxofficeindia.com,1067277/ATD_BoxofficeIndia/ATD_300x250_Desktop_Sectionpage_P4,300x250,47,0.05
2023-02-04,Web,timeshighereducation.com,21841059662/ATD_timeshighereducation/ATD_970x250_SP_INREAD,970x250,41,0.18
2023-02-09,Web,timeshighereducation.com,21841059662/ATD_timeshighereducation/ATD_160x600_AXT,160x600,10,0.01
2023-02-06,Web,boxofficeindia.com,1067277/ATD_BoxofficeIndia/ATD_300x250_Mobile_Sectionpage_EOA,300x250,17,0.02
2023-02-07,Web,rmweb.co.uk,21784358039/ATD_RMweb/ATD_300x250_INR2_HP_M,300x250,32,0.02
2023-02-05,Web,practicalfishkeeping.co.uk,21784358039/ATD_PracticalFishKeeping/ATD_970x250_AXT,970x250,2,0.00
2023-02-09,Web,rmweb.co.uk,21784358039/ATD_RMweb/ATD_300x600_AXT,300x600,12,0.00
2023-02-07,Web,rmweb.co.uk,21784358039/ATD_RMweb/ATD_300x250_320x50_Sidebar_HP_D,300x250,36,0.02
2023-02-09,Web,rmweb.co.uk,21784358039/ATD_RMweb/ATD_300x50_AXT,300x50,3,0.00
2023-02-07,Web,outandaboutlive.co.uk,21784358039/ATD_outandaboutlive/ATD_300x250_AXT,300x250,21,0.02
2023-02-07,Web,boxofficeindia.com,1067277/ATD_BoxofficeIndia/ATD_300x250_Mobile_Sectionpage_Mid,336x280,4,0.00
2023-02-08,Web,rmweb.co.uk,21784358039/ATD_RMweb/ATD_970x250_AXT,970x250,2,0.00
2023-02-08,Web,outandaboutlive.co.uk,21784358039/ATD_outandaboutlive/ATD_728x90_AXT,728x90,1,0.00
2023-02-10,Web,timeshighereducation.com,21841059662/ATD_timeshighereducation/ATD_728x90_Intentt,728x90,6,0.03
2023-02-10,Web,timeshighereducation.com,21841059662/ATD_timeshighereducation/ATD_300x600_Interscroller_FC1_AP,300x600,6,0.01
2023-02-07,Web,rmweb.co.uk,21784358039/ATD_RMweb/ATD_970x250_AXT,970x250,5,0.00
2023-02-10,Web,timeshighereducation.com,21841059662/ATD_timeshighereducation/ATD_300x250_Intentt,300x250,3,0.02
2023-02-06,Web,boxofficeindia.com,1067277/ATD_BoxofficeIndia/ATD_300x250_Mobile_Sectionpage_EOA,336x280,2,0.00
2023-02-08,Web,practicalfishkeeping.co.uk,21784358039/ATD_PracticalFishKeeping/ATD_300x250_INR3_SP,300x250,3,0.00
2023-02-05,Web,rmweb.co.uk,21784358039/ATD_RMweb/ATD_970x250_AXT,970x250,7,0.01
2023-02-08,Web,practicalfishkeeping.co.uk,21784358039/ATD_PracticalFishKeeping/ATD_970x250_AXT,970x250,4,0.00
2023-02-07,Web,practicalfishkeeping.co.uk,21784358039/ATD_PracticalFishKeeping/ATD_300x250_INR1_AP,336x280,7,0.00
2023-02-06,Web,timeshighereducation.com,21841059662/ATD_timeshighereducation/ATD_300x600_Interscroller_FC1_AP,300x250,4,0.00
2023-02-09,Web,rmweb.co.uk,21784358039/ATD_RMweb/ATD_300x250_AXT,300x250,4,0.00
2023-02-05,Web,rmweb.co.uk,21784358039/ATD_RMweb/ATD_728x90_AXT,728x90,1,0.00
2023-02-06,Web,practicalfishkeeping.co.uk,21784358039/ATD_PracticalFishKeeping/ATD_970x250_AXT,970x250,5,0.00
2023-02-08,Web,practicalfishkeeping.co.uk,21784358039/ATD_PracticalFishKeeping/ATD_320x50_AXT,320x50,3,0.00
2023-02-06,Web,practicalfishkeeping.co.uk,21784358039/ATD_PracticalFishKeeping/ATD_336x280_AXT,336x280,1,0.00
2023-02-06,Web,timeshighereducation.com,21841059662/ATD_timeshighereducation/ATD_300x600_Interscroller_FC1_AP,320x480,1,0.00
